START TRANSACTION;
-- 
-- Database: `fbi_violent_crime_stats_2005_2019_raw_data`
-- 
CREATE DATABASE `fbi_violent_crime_stats_2005_2019_raw_data`;
USE `fbi_violent_crime_stats_2005_2019_raw_data`;


-- ------------------------------------------------


-- 
-- Create Table `2005___TABLE_20`
-- 
CREATE TABLE `2005___TABLE_20` (
	`ID` INTEGER NOT NULL PRIMARY KEY AUTO_INCREMENT,
	`STATE` VARCHAR(50) NOT NULL,
	`TOTAL_MURDERS` INTEGER,
	`TOTAL_FIREARMS` INTEGER,
	`HANDGUNS` INTEGER,
	`RIFLES` INTEGER,
	`SHOTGUNS` INTEGER,
	`FIREARMS_TYPE_UNKNOWN` INTEGER,
	`KNIVES_OR_CUTTING_INSTRUMENTS` INTEGER,
	`OTHER_WEAPONS` INTEGER,
	`HANDS_FISTS_FEET_ETC` INTEGER
);


-- 
-- Insert Values into `2005___TABLE_20`
-- 
INSERT INTO `2005___TABLE_20` (`STATE`, `TOTAL_MURDERS`, `TOTAL_FIREARMS`, `HANDGUNS`, `RIFLES`, `SHOTGUNS`, `FIREARMS_TYPE_UNKNOWN`, `KNIVES_OR_CUTTING_INSTRUMENTS`, `OTHER_WEAPONS`, `HANDS_FISTS_FEET_ETC`) VALUES
	('Alabama', 326, 223, 206, 4, 12, 1, 25, 62, 16),
	('Alaska', 32, 19, 15, 1, 1, 2, 4, 6, 3),
	('Arizona', 440, 334, 270, 22, 19, 23, 43, 34, 29),
	('Arkansas', 176, 120, 74, 3, 15, 28, 26, 21, 9),
	('California', 2503, 1845, 1493, 83, 76, 193, 288, 237, 133),
	('Colorado', 170, 109, 64, 4, 3, 38, 32, 23, 6),
	('Connecticut', 91, 47, 27, 0, 2, 18, 14, 20, 10),
	('Delaware', 37, 23, 15, 0, 0, 8, 8, 2, 4),
	('Georgia', 516, 370, 312, 12, 13, 33, 68, 73, 5),
	('Hawaii', 20, 2, 0, 1, 0, 1, 9, 4, 5),
	('Idaho', 34, 23, 10, 1, 5, 7, 1, 6, 4),
	('Illinois', 448, 339, 328, 4, 2, 5, 51, 37, 21),
	('Indiana', 331, 238, 171, 20, 7, 40, 24, 52, 17),
	('Iowa', 38, 21, 13, 1, 2, 5, 5, 5, 7),
	('Kansas', 95, 52, 20, 8, 4, 20, 16, 20, 7),
	('Kentucky', 177, 124, 94, 8, 11, 11, 15, 24, 14),
	('Louisiana', 399, 309, 261, 21, 14, 13, 46, 34, 10),
	('Maine', 19, 7, 6, 1, 0, 0, 4, 4, 4),
	('Maryland', 551, 418, 394, 4, 15, 5, 68, 47, 18),
	('Massachusetts', 171, 94, 48, 1, 1, 44, 39, 31, 7),
	('Michigan', 614, 421, 195, 38, 20, 168, 52, 118, 23),
	('Minnesota', 115, 73, 63, 7, 2, 1, 16, 15, 11),
	('Mississippi', 163, 113, 77, 13, 8, 15, 25, 15, 10),
	('Missouri', 401, 281, 113, 10, 18, 140, 48, 63, 9),
	('Montana', 17, 5, 3, 1, 0, 1, 5, 5, 2),
	('Nebraska', 13, 5, 0, 1, 0, 4, 1, 3, 4),
	('Nevada', 205, 124, 84, 6, 5, 29, 26, 41, 14),
	('New Hampshire', 16, 6, 3, 0, 0, 3, 5, 4, 1),
	('New Jersey', 417, 276, 260, 1, 3, 12, 62, 41, 38),
	('New Mexico', 133, 66, 48, 3, 7, 8, 28, 22, 17),
	('New York', 868, 500, 428, 10, 10, 52, 188, 107, 73),
	('North Carolina', 566, 353, 241, 20, 34, 58, 66, 96, 51),
	('North Dakota', 7, 1, 0, 0, 0, 1, 1, 5, 0),
	('Ohio', 549, 313, 198, 13, 14, 88, 58, 125, 53),
	('Oklahoma', 187, 129, 100, 14, 9, 6, 19, 22, 17),
	('Oregon', 79, 48, 19, 5, 2, 22, 11, 17, 3),
	('Pennsylvania', 734, 528, 392, 15, 16, 105, 88, 97, 21),
	('Rhode Island', 34, 16, 6, 1, 0, 9, 5, 7, 6),
	('South Carolina', 312, 217, 168, 8, 14, 27, 37, 36, 22),
	('South Dakota', 14, 6, 3, 0, 1, 2, 3, 3, 2),
	('Tennessee', 428, 301, 203, 8, 30, 60, 48, 50, 29),
	('Texas', 1406, 946, 767, 48, 67, 64, 205, 173, 82),
	('Utah', 56, 27, 11, 0, 7, 9, 12, 10, 7),
	('Vermont', 8, 5, 1, 2, 2, 0, 1, 1, 1),
	('Virginia', 459, 318, 149, 6, 18, 145, 51, 68, 22),
	('Washington', 205, 126, 103, 8, 11, 4, 40, 19, 20),
	('West Virginia', 72, 40, 18, 0, 6, 16, 3, 19, 10),
	('Wisconsin', 194, 132, 63, 4, 11, 54, 23, 27, 12),
	('Wyoming', 14, 7, 6, 1, 0, 0, 1, 3, 3);


-- ------------------------------------------------


-- 
-- Create Table `2005___TABLE_21`
-- 
CREATE TABLE `2005___TABLE_21` (
	`ID` INTEGER NOT NULL PRIMARY KEY AUTO_INCREMENT,
	`STATE` VARCHAR(50) NOT NULL,
	`TOTAL_ROBBERIES` INTEGER,
	`FIREARMS` INTEGER,
	`KNIVES_OR_CUTTING_INSTRUMENTS` INTEGER,
	`OTHER_WEAPONS` INTEGER,
	`STRONG_ARM` INTEGER,
	`AGENCY_COUNT` INTEGER,
	`POPULATION` INTEGER
);


-- 
-- Insert Values into `2005___TABLE_21`
-- 
INSERT INTO `2005___TABLE_21` (`STATE`, `TOTAL_ROBBERIES`, `FIREARMS`, `KNIVES_OR_CUTTING_INSTRUMENTS`, `OTHER_WEAPONS`, `STRONG_ARM`, `AGENCY_COUNT`, `POPULATION`) VALUES
	('Alabama', 2263, 1208, 160, 190, 705, 263, 2612774),
	('Alaska', 533, 180, 62, 50, 241, 33, 650601),
	('Arizona', 6675, 3655, 686, 479, 1855, 81, 4751564),
	('Arkansas', 2433, 1162, 164, 253, 854, 177, 2365406),
	('California', 63273, 21896, 6213, 5943, 29221, 716, 35804748),
	('Colorado', 3869, 1640, 416, 365, 1448, 194, 4493672),
	('Connecticut', 3117, 1033, 355, 370, 1359, 95, 3257161),
	('Delaware', 1306, 550, 109, 118, 529, 50, 843524),
	('District of Columbia', 3700, 1782, 162, 108, 1648, 2, 550521),
	('Florida', 30076, 11946, 2229, 2990, 12911, 602, 17758612),
	('Georgia', 10751, 6286, 554, 1042, 2869, 249, 5882872),
	('Hawaii', 915, 103, 63, 92, 657, 2, 1048094),
	('Idaho', 214, 70, 17, 43, 84, 88, 1160229),
	('Indiana', 6478, 3367, 468, 356, 2287, 172, 4948152),
	('Iowa', 1145, 230, 99, 144, 672, 192, 2733190),
	('Kansas', 330, 103, 39, 34, 154, 216, 1323938),
	('Kentucky', 3444, 1607, 306, 458, 1073, 283, 3444023),
	('Louisiana', 3497, 1908, 224, 340, 1025, 125, 2927488),
	('Maine', 322, 59, 39, 43, 181, 149, 1307115),
	('Maryland', 10468, 5715, 865, 513, 3375, 148, 4956278),
	('Massachusetts', 6352, 1655, 1298, 754, 2645, 285, 5308070),
	('Michigan', 13032, 6339, 671, 1359, 4663, 533, 9573458),
	('Minnesota', 1240, 338, 101, 351, 450, 301, 4154209),
	('Mississippi', 1737, 918, 106, 282, 431, 107, 1801076),
	('Missouri', 7141, 3412, 434, 604, 2691, 526, 5677517),
	('Montana', 167, 37, 24, 40, 66, 67, 728656),
	('Nebraska', 1031, 453, 100, 89, 389, 216, 1604496),
	('Nevada', 4674, 1988, 521, 422, 1743, 33, 2410942),
	('New Hampshire', 332, 75, 44, 58, 155, 130, 1079375),
	('New Jersey', 13215, 4397, 1403, 944, 6471, 517, 8717925),
	('New Mexico', 1733, 777, 255, 135, 566, 55, 1425388),
	('New York', 9871, 3148, 1139, 1102, 4482, 618, 10145688),
	('North Carolina', 11639, 6222, 1004, 1003, 3410, 367, 7951544),
	('North Dakota', 42, 1, 5, 6, 30, 62, 541802),
	('Ohio', 17153, 6115, 950, 1877, 8211, 359, 8272962),
	('Oklahoma', 3224, 1450, 328, 218, 1228, 294, 3493881),
	('Oregon', 2451, 579, 259, 265, 1348, 153, 3576873),
	('Pennsylvania', 17913, 7657, 1361, 1203, 7692, 798, 10646715),
	('Rhode Island', 733, 194, 108, 151, 280, 44, 983008),
	('South Carolina', 5547, 2903, 452, 509, 1683, 274, 4101068),
	('South Dakota', 52, 12, 9, 4, 27, 51, 315246),
	('Tennessee', 9900, 5608, 783, 795, 2714, 428, 5771658),
	('Texas', 35771, 16029, 3619, 3364, 12759, 979, 22803084),
	('Utah', 1035, 304, 123, 106, 502, 98, 2147551),
	('Vermont', 50, 17, 8, 9, 16, 65, 546576),
	('Virginia', 7061, 3784, 559, 776, 1942, 356, 6093394),
	('Washington', 4884, 1110, 516, 532, 2726, 241, 5711284),
	('West Virginia', 728, 216, 79, 94, 339, 345, 1504736),
	('Wisconsin', 4516, 2220, 288, 653, 1355, 337, 5254892),
	('Wyoming', 77, 13, 12, 14, 38, 61, 490411);


-- ------------------------------------------------


-- 
-- Create Table `2005___TABLE_22`
-- 
CREATE TABLE `2005___TABLE_22` (
	`ID` INTEGER NOT NULL PRIMARY KEY AUTO_INCREMENT,
	`STATE` VARCHAR(50) NOT NULL,
	`TOTAL_AGGRAVATED_ASSAULTS` INTEGER,
	`FIREARMS` INTEGER,
	`KNIVES_OR_CUTTING_INSTRUMENTS` INTEGER,
	`OTHER_WEAPONS` INTEGER,
	`PERSONAL_WEAPONS` INTEGER,
	`AGENCY_COUNT` INTEGER,
	`POPULATION` INTEGER
);


-- 
-- Insert Values into `2005___TABLE_22`
-- 
INSERT INTO `2005___TABLE_22` (`STATE`, `TOTAL_AGGRAVATED_ASSAULTS`, `FIREARMS`, `KNIVES_OR_CUTTING_INSTRUMENTS`, `OTHER_WEAPONS`, `PERSONAL_WEAPONS`, `AGENCY_COUNT`, `POPULATION`) VALUES
	('Alabama', 5616, 1520, 885, 1159, 2052, 263, 2612774),
	('Alaska', 3035, 582, 696, 749, 1008, 33, 650601),
	('Arizona', 15104, 3892, 2476, 4953, 3783, 81, 4751564),
	('Arkansas', 9946, 2550, 1579, 2731, 3086, 177, 2365406),
	('California', 113655, 23182, 18607, 41540, 30326, 716, 35804748),
	('Colorado', 12002, 2688, 2639, 3070, 3605, 194, 4493672),
	('Connecticut', 3888, 492, 887, 1561, 948, 95, 3257161),
	('Delaware', 3612, 731, 833, 1737, 311, 50, 843524),
	('District of Columbia', 3971, 829, 1053, 1629, 460, 2, 550521),
	('Florida', 88141, 15057, 15680, 39668, 17736, 602, 17758612),
	('Georgia', 16160, 4358, 3415, 5290, 3097, 249, 5882872),
	('Hawaii', 1629, 154, 417, 591, 467, 2, 1048094),
	('Idaho', 2268, 412, 466, 862, 528, 88, 1160229),
	('Indiana', 9679, 1584, 1376, 2769, 3950, 172, 4948152),
	('Iowa', 6461, 601, 1021, 1601, 3238, 192, 2733190),
	('Kansas', 2825, 461, 514, 1171, 679, 216, 1323938),
	('Kentucky', 5202, 1063, 789, 1880, 1470, 283, 3444023),
	('Louisiana', 14116, 3460, 2588, 4204, 3864, 125, 2927488),
	('Maine', 809, 32, 163, 246, 368, 149, 1307115),
	('Maryland', 16266, 2540, 3744, 6156, 3826, 148, 4956278),
	('Massachusetts', 16567, 1734, 3653, 8353, 2827, 285, 5308070),
	('Michigan', 35674, 8839, 6848, 13228, 6759, 533, 9573458),
	('Minnesota', 4011, 518, 824, 1590, 1079, 301, 4154209),
	('Mississippi', 2506, 779, 535, 796, 396, 107, 1801076),
	('Missouri', 20834, 5153, 2855, 6350, 6476, 526, 5677517),
	('Montana', 1727, 270, 276, 469, 712, 67, 728656),
	('Nebraska', 3275, 451, 595, 1629, 600, 216, 1604496),
	('Nevada', 8619, 1763, 1844, 3673, 1339, 33, 2410942),
	('New Hampshire', 825, 112, 286, 220, 207, 130, 1079375),
	('New Jersey', 16079, 2449, 3333, 5122, 5175, 517, 8717925),
	('New Mexico', 7800, 1639, 1351, 2457, 2353, 55, 1425388),
	('New York', 16888, 2099, 4265, 5070, 5454, 618, 10145688),
	('North Carolina', 22988, 6628, 4825, 6251, 5284, 367, 7951544),
	('North Dakota', 368, 18, 53, 108, 189, 62, 541802),
	('Ohio', 13702, 3223, 2694, 4359, 3426, 359, 8272962),
	('Oklahoma', 13059, 2546, 2063, 4838, 3612, 294, 3493881),
	('Oregon', 6325, 780, 1186, 2245, 2114, 153, 3576873),
	('Pennsylvania', 25800, 5678, 3876, 6411, 9835, 798, 10646715),
	('Rhode Island', 1439, 225, 328, 465, 421, 44, 983008),
	('South Carolina', 23796, 5780, 4367, 6759, 6890, 274, 4101068),
	('South Dakota', 369, 37, 99, 86, 147, 51, 315246),
	('Tennessee', 31609, 9972, 6716, 10873, 4048, 428, 5771658),
	('Texas', 75285, 17514, 16858, 27017, 13896, 979, 22803084),
	('Utah', 3246, 529, 838, 1168, 711, 98, 2147551),
	('Vermont', 379, 46, 74, 82, 177, 65, 546576),
	('Virginia', 10943, 2367, 2343, 3411, 2822, 356, 6093394),
	('Washington', 10902, 1541, 1972, 3590, 3799, 241, 5711284),
	('West Virginia', 3172, 833, 612, 692, 1035, 345, 1504736),
	('Wisconsin', 7274, 1327, 921, 1731, 3295, 337, 5254892),
	('Wyoming', 916, 80, 178, 277, 381, 61, 490411);


-- ------------------------------------------------


-- 
-- Create Table `2006___TABLE_20`
-- 
CREATE TABLE `2006___TABLE_20` (
	`ID` INTEGER NOT NULL PRIMARY KEY AUTO_INCREMENT,
	`STATE` VARCHAR(50) NOT NULL,
	`TOTAL_MURDERS` INTEGER,
	`TOTAL_FIREARMS` INTEGER,
	`HANDGUNS` INTEGER,
	`RIFLES` INTEGER,
	`SHOTGUNS` INTEGER,
	`FIREARMS_TYPE_UNKNOWN` INTEGER,
	`KNIVES_OR_CUTTING_INSTRUMENTS` INTEGER,
	`OTHER_WEAPONS` INTEGER,
	`HANDS_FISTS_FEET_ETC` INTEGER
);


-- 
-- Insert Values into `2006___TABLE_20`
-- 
INSERT INTO `2006___TABLE_20` (`STATE`, `TOTAL_MURDERS`, `TOTAL_FIREARMS`, `HANDGUNS`, `RIFLES`, `SHOTGUNS`, `FIREARMS_TYPE_UNKNOWN`, `KNIVES_OR_CUTTING_INSTRUMENTS`, `OTHER_WEAPONS`, `HANDS_FISTS_FEET_ETC`) VALUES
	('Alabama', 349, 247, 226, 0, 21, 0, 35, 51, 16),
	('Alaska', 35, 22, 15, 5, 1, 1, 8, 2, 3),
	('Arizona', 462, 343, 269, 33, 14, 27, 53, 46, 20),
	('Arkansas', 201, 134, 82, 15, 10, 27, 22, 34, 11),
	('California', 2485, 1822, 1623, 74, 69, 56, 315, 218, 130),
	('Colorado', 156, 85, 38, 0, 8, 39, 35, 16, 20),
	('Connecticut', 100, 65, 57, 0, 2, 6, 18, 12, 5),
	('Delaware', 41, 27, 14, 0, 3, 10, 7, 6, 1),
	('Georgia', 548, 403, 351, 13, 19, 20, 64, 67, 14),
	('Hawaii', 21, 7, 5, 0, 0, 2, 3, 6, 5),
	('Idaho', 36, 22, 9, 2, 2, 9, 6, 5, 3),
	('Illinois', 487, 392, 380, 4, 6, 2, 46, 35, 14),
	('Indiana', 339, 239, 171, 20, 10, 38, 36, 45, 19),
	('Iowa', 54, 23, 8, 1, 5, 9, 13, 11, 7),
	('Kansas', 126, 70, 33, 6, 4, 27, 14, 33, 9),
	('Kentucky', 150, 98, 78, 6, 8, 6, 22, 16, 14),
	('Louisiana', 488, 396, 335, 29, 7, 25, 35, 37, 20),
	('Maine', 23, 12, 7, 2, 1, 2, 1, 8, 2),
	('Maryland', 546, 403, 372, 5, 17, 9, 72, 46, 25),
	('Massachusetts', 185, 111, 66, 2, 3, 40, 42, 28, 4),
	('Michigan', 711, 498, 208, 29, 25, 236, 50, 134, 29),
	('Minnesota', 117, 75, 67, 1, 7, 0, 20, 9, 13),
	('Mississippi', 173, 121, 93, 5, 7, 16, 18, 24, 10),
	('Missouri', 334, 246, 96, 13, 14, 123, 36, 41, 11),
	('Montana', 17, 4, 4, 0, 0, 0, 3, 7, 3),
	('Nebraska', 16, 5, 2, 1, 0, 2, 2, 7, 2),
	('Nevada', 224, 133, 88, 4, 9, 32, 34, 45, 12),
	('New Hampshire', 12, 3, 2, 0, 1, 0, 6, 1, 2),
	('New Jersey', 428, 289, 270, 0, 7, 12, 69, 47, 23),
	('New Mexico', 99, 57, 48, 3, 3, 3, 21, 7, 14),
	('New York', 921, 400, 308, 14, 8, 70, 141, 351, 29),
	('North Carolina', 530, 338, 227, 23, 28, 60, 59, 75, 58),
	('North Dakota', 8, 1, 1, 0, 0, 0, 4, 3, 0),
	('Ohio', 487, 334, 233, 3, 8, 90, 40, 84, 29),
	('Oklahoma', 207, 133, 85, 12, 12, 24, 18, 35, 21),
	('Oregon', 85, 44, 16, 4, 2, 22, 22, 12, 7),
	('Pennsylvania', 719, 554, 474, 14, 11, 55, 51, 87, 27),
	('Rhode Island', 28, 7, 3, 0, 0, 4, 8, 11, 2),
	('South Carolina', 359, 253, 163, 10, 14, 66, 44, 42, 20),
	('South Dakota', 8, 2, 0, 0, 0, 2, 2, 4, 0),
	('Tennessee', 409, 271, 211, 11, 12, 37, 43, 71, 24),
	('Texas', 1381, 949, 711, 53, 71, 114, 162, 183, 87),
	('Utah', 46, 21, 9, 1, 2, 9, 6, 9, 10),
	('Vermont', 12, 7, 7, 0, 0, 0, 1, 2, 2),
	('Virginia', 398, 264, 142, 6, 13, 103, 49, 70, 15),
	('Washington', 186, 107, 90, 3, 12, 2, 31, 28, 20),
	('West Virginia', 71, 40, 24, 4, 1, 11, 9, 18, 4),
	('Wisconsin', 163, 95, 72, 3, 3, 17, 23, 29, 16),
	('Wyoming', 9, 5, 2, 2, 1, 0, 3, 0, 1);


-- ------------------------------------------------


-- 
-- Create Table `2006___TABLE_21`
-- 
CREATE TABLE `2006___TABLE_21` (
	`ID` INTEGER NOT NULL PRIMARY KEY AUTO_INCREMENT,
	`STATE` VARCHAR(50) NOT NULL,
	`TOTAL_ROBBERIES` INTEGER,
	`FIREARMS` INTEGER,
	`KNIVES_OR_CUTTING_INSTRUMENTS` INTEGER,
	`OTHER_WEAPONS` INTEGER,
	`STRONG_ARM` INTEGER,
	`AGENCY_COUNT` INTEGER,
	`POPULATION` INTEGER
);


-- 
-- Insert Values into `2006___TABLE_21`
-- 
INSERT INTO `2006___TABLE_21` (`STATE`, `TOTAL_ROBBERIES`, `FIREARMS`, `KNIVES_OR_CUTTING_INSTRUMENTS`, `OTHER_WEAPONS`, `STRONG_ARM`, `AGENCY_COUNT`, `POPULATION`) VALUES
	('Alabama', 2562, 1519, 164, 180, 699, 220, 2453070),
	('Alaska', 589, 181, 66, 66, 276, 32, 648530),
	('Arizona', 9002, 4437, 1113, 770, 2682, 78, 5763933),
	('Arkansas', 2599, 1247, 168, 291, 893, 218, 2440466),
	('California', 70890, 24384, 6828, 6679, 32999, 723, 36332437),
	('Colorado', 3774, 1508, 401, 394, 1471, 195, 4562929),
	('Connecticut', 2930, 975, 335, 295, 1325, 78, 2754178),
	('Delaware', 1735, 729, 154, 149, 703, 53, 853476),
	('District of Columbia', 3829, 1546, 171, 201, 1911, 3, 581530),
	('Florida', 34093, 14352, 2353, 3267, 14121, 591, 18015015),
	('Georgia', 12490, 7540, 605, 1066, 3279, 211, 5788935),
	('Hawaii', 1044, 149, 80, 78, 737, 2, 1081338),
	('Idaho', 294, 104, 38, 35, 117, 104, 1458022),
	('Illinois', 555, 208, 40, 54, 253, 1, 153738),
	('Indiana', 3485, 1598, 285, 281, 1321, 164, 3900622),
	('Iowa', 1013, 248, 91, 113, 561, 178, 2501202),
	('Kansas', 1781, 758, 195, 222, 606, 238, 2305606),
	('Kentucky', 3260, 1281, 253, 566, 1160, 263, 3274856),
	('Louisiana', 5103, 2642, 328, 400, 1733, 116, 3296886),
	('Maine', 384, 78, 80, 36, 190, 163, 1319259),
	('Maryland', 10142, 4913, 962, 529, 3738, 150, 4977683),
	('Massachusetts', 6748, 1765, 1267, 764, 2952, 284, 5170140),
	('Michigan', 14136, 7000, 751, 1294, 5091, 558, 9879608),
	('Minnesota', 5368, 1657, 371, 725, 2615, 271, 4769467),
	('Mississippi', 2513, 1380, 137, 312, 684, 107, 1776401),
	('Missouri', 7495, 3557, 491, 552, 2895, 557, 5759961),
	('Montana', 152, 44, 18, 27, 63, 64, 721431),
	('Nebraska', 1092, 497, 94, 97, 404, 208, 1502765),
	('Nevada', 7027, 3476, 612, 483, 2456, 36, 2495529),
	('New Hampshire', 380, 75, 72, 52, 181, 122, 1039150),
	('New Jersey', 13356, 4313, 1323, 958, 6762, 515, 8720592),
	('New Mexico', 1855, 819, 262, 125, 649, 53, 1493052),
	('New York', 10841, 3400, 1170, 1019, 5252, 652, 10824535),
	('North Carolina', 12971, 6851, 1091, 1172, 3857, 376, 7818693),
	('North Dakota', 69, 10, 10, 11, 38, 72, 591890),
	('Ohio', 16866, 6545, 893, 1790, 7638, 357, 7961904),
	('Oklahoma', 3123, 1268, 326, 326, 1203, 289, 3479339),
	('Oregon', 2512, 614, 271, 251, 1376, 137, 3134046),
	('Pennsylvania', 19660, 8558, 1414, 1240, 8448, 837, 10869846),
	('Rhode Island', 691, 155, 85, 120, 331, 43, 906054),
	('South Carolina', 5681, 3104, 456, 497, 1624, 426, 4061426),
	('South Dakota', 81, 8, 11, 11, 51, 80, 569130),
	('Tennessee', 11085, 6519, 786, 1247, 2533, 446, 5909564),
	('Texas', 37117, 16917, 3774, 3465, 12961, 965, 23227354),
	('Utah', 1226, 363, 145, 120, 598, 110, 2484578),
	('Vermont', 105, 42, 19, 14, 30, 75, 571164),
	('Virginia', 7429, 3736, 629, 829, 2235, 315, 7250178),
	('Washington', 5363, 1262, 489, 558, 3054, 237, 5481639),
	('West Virginia', 204, 58, 18, 37, 91, 180, 772766),
	('Wisconsin', 5564, 2867, 368, 620, 1709, 351, 5389771),
	('Wyoming', 71, 18, 9, 7, 37, 61, 502901);


-- ------------------------------------------------


-- 
-- Create Table `2006___TABLE_22`
-- 
CREATE TABLE `2006___TABLE_22` (
	`ID` INTEGER NOT NULL PRIMARY KEY AUTO_INCREMENT,
	`STATE` VARCHAR(50) NOT NULL,
	`TOTAL_AGGRAVATED_ASSAULTS` INTEGER,
	`FIREARMS` INTEGER,
	`KNIVES_OR_CUTTING_INSTRUMENTS` INTEGER,
	`OTHER_WEAPONS` INTEGER,
	`PERSONAL_WEAPONS` INTEGER,
	`AGENCY_COUNT` INTEGER,
	`POPULATION` INTEGER
);


-- 
-- Insert Values into `2006___TABLE_22`
-- 
INSERT INTO `2006___TABLE_22` (`STATE`, `TOTAL_AGGRAVATED_ASSAULTS`, `FIREARMS`, `KNIVES_OR_CUTTING_INSTRUMENTS`, `OTHER_WEAPONS`, `PERSONAL_WEAPONS`, `AGENCY_COUNT`, `POPULATION`) VALUES
	('Alabama', 4903, 1523, 775, 1015, 1590, 220, 2453070),
	('Alaska', 3354, 590, 730, 929, 1105, 32, 648530),
	('Arizona', 18155, 5353, 3026, 5633, 4143, 78, 5763933),
	('Arkansas', 10094, 2577, 1578, 2736, 3203, 218, 2440466),
	('California', 111327, 23494, 18185, 40426, 29222, 723, 36332437),
	('Colorado', 12148, 2547, 2668, 3156, 3777, 195, 4562929),
	('Connecticut', 3264, 467, 802, 1182, 813, 78, 2754178),
	('Delaware', 3640, 804, 799, 1644, 393, 53, 853476),
	('District of Columbia', 4589, 975, 1237, 1888, 489, 3, 581530),
	('Florida', 86822, 15882, 15370, 38188, 17382, 591, 18015015),
	('Georgia', 17300, 4831, 3446, 5685, 3338, 211, 5788935),
	('Hawaii', 1819, 188, 440, 671, 520, 2, 1081338),
	('Idaho', 2641, 480, 531, 787, 843, 104, 1458022),
	('Illinois', 1135, 539, 125, 278, 193, 1, 153738),
	('Indiana', 5091, 701, 649, 1130, 2611, 164, 3900622),
	('Iowa', 5159, 447, 846, 1169, 2697, 178, 2501202),
	('Kansas', 7520, 2234, 1523, 2217, 1546, 238, 2305606),
	('Kentucky', 5292, 1070, 780, 2079, 1363, 263, 3274856),
	('Louisiana', 17373, 4797, 3127, 4654, 4795, 116, 3296886),
	('Maine', 780, 46, 160, 215, 359, 163, 1319259),
	('Maryland', 15490, 2438, 3618, 5660, 3774, 150, 4977683),
	('Massachusetts', 16347, 1787, 3640, 8371, 2549, 284, 5170140),
	('Michigan', 36306, 9181, 6739, 12737, 7649, 558, 9879608),
	('Minnesota', 8446, 1452, 1754, 2379, 2861, 271, 4769467),
	('Mississippi', 2871, 910, 555, 691, 715, 107, 1776401),
	('Missouri', 21827, 5517, 3120, 6544, 6646, 557, 5759961),
	('Montana', 1539, 215, 263, 468, 593, 64, 721431),
	('Nebraska', 3018, 455, 520, 1528, 515, 208, 1502765),
	('Nevada', 10178, 2089, 1864, 4557, 1668, 36, 2495529),
	('New Hampshire', 884, 140, 309, 244, 191, 122, 1039150),
	('New Jersey', 15647, 2609, 3430, 4705, 4903, 515, 8720592),
	('New Mexico', 7382, 1604, 1314, 2452, 2012, 53, 1493052),
	('New York', 18117, 2521, 4700, 5250, 5646, 652, 10824535),
	('North Carolina', 23737, 6804, 4714, 6673, 5546, 376, 7818693),
	('North Dakota', 522, 13, 57, 137, 315, 72, 591890),
	('Ohio', 13311, 3557, 2605, 4124, 3025, 357, 7961904),
	('Oklahoma', 12682, 2477, 1997, 4811, 3397, 289, 3479339),
	('Oregon', 5502, 736, 1055, 1837, 1874, 137, 3134046),
	('Pennsylvania', 26825, 5762, 3919, 6616, 10528, 837, 10869846),
	('Rhode Island', 1289, 179, 287, 579, 244, 43, 906054),
	('South Carolina', 23853, 6071, 4224, 6610, 6948, 426, 4061426),
	('South Dakota', 654, 112, 204, 198, 140, 80, 569130),
	('Tennessee', 31906, 9754, 6589, 12217, 3346, 446, 5909564),
	('Texas', 73846, 17513, 16352, 26131, 13850, 965, 23227354),
	('Utah', 3435, 628, 904, 1243, 660, 110, 2484578),
	('Vermont', 561, 70, 116, 131, 244, 75, 571164),
	('Virginia', 11060, 2080, 2403, 3538, 3039, 315, 7250178),
	('Washington', 10306, 1544, 1879, 3359, 3524, 237, 5481639),
	('West Virginia', 1455, 407, 218, 286, 544, 180, 772766),
	('Wisconsin', 8842, 2056, 954, 2058, 3774, 351, 5389771),
	('Wyoming', 985, 93, 170, 293, 429, 61, 502901);


-- ------------------------------------------------


-- 
-- Create Table `2007___TABLE_20`
-- 
CREATE TABLE `2007___TABLE_20` (
	`ID` INTEGER NOT NULL PRIMARY KEY AUTO_INCREMENT,
	`STATE` VARCHAR(50) NOT NULL,
	`TOTAL_MURDERS` INTEGER,
	`TOTAL_FIREARMS` INTEGER,
	`HANDGUNS` INTEGER,
	`RIFLES` INTEGER,
	`SHOTGUNS` INTEGER,
	`FIREARMS_TYPE_UNKNOWN` INTEGER,
	`KNIVES_OR_CUTTING_INSTRUMENTS` INTEGER,
	`OTHER_WEAPONS` INTEGER,
	`HANDS_FISTS_FEET_ETC` INTEGER
);


-- 
-- Insert Values into `2007___TABLE_20`
-- 
INSERT INTO `2007___TABLE_20` (`STATE`, `TOTAL_MURDERS`, `TOTAL_FIREARMS`, `HANDGUNS`, `RIFLES`, `SHOTGUNS`, `FIREARMS_TYPE_UNKNOWN`, `KNIVES_OR_CUTTING_INSTRUMENTS`, `OTHER_WEAPONS`, `HANDS_FISTS_FEET_ETC`) VALUES
	('Alabama', 385, 285, 262, 7, 16, 0, 38, 47, 15),
	('Alaska', 43, 21, 13, 4, 3, 1, 5, 5, 12),
	('Arizona', 464, 323, 265, 35, 11, 12, 44, 67, 30),
	('Arkansas', 191, 130, 92, 7, 10, 21, 20, 29, 12),
	('California', 2249, 1605, 1374, 51, 74, 106, 298, 228, 118),
	('Colorado', 150, 85, 56, 0, 2, 27, 23, 25, 17),
	('Connecticut', 95, 57, 37, 0, 4, 16, 14, 20, 4),
	('Delaware', 37, 22, 19, 0, 0, 3, 6, 8, 1),
	('Georgia', 674, 485, 401, 24, 30, 30, 84, 99, 6),
	('Hawaii', 12, 3, 3, 0, 0, 0, 3, 1, 5),
	('Idaho', 49, 25, 11, 6, 1, 7, 5, 14, 5),
	('Illinois', 463, 343, 330, 4, 6, 3, 53, 57, 10),
	('Indiana', 333, 231, 160, 12, 9, 50, 38, 44, 20),
	('Iowa', 36, 12, 4, 2, 1, 5, 11, 8, 5),
	('Kansas', 104, 63, 29, 5, 3, 26, 12, 23, 6),
	('Kentucky', 196, 131, 111, 5, 11, 4, 19, 27, 19),
	('Louisiana', 577, 455, 339, 31, 15, 70, 45, 55, 22),
	('Maine', 21, 9, 3, 0, 1, 5, 6, 4, 2),
	('Maryland', 553, 414, 388, 9, 11, 6, 53, 63, 23),
	('Massachusetts', 182, 114, 65, 1, 3, 45, 31, 23, 14),
	('Michigan', 672, 444, 180, 29, 26, 209, 64, 134, 30),
	('Minnesota', 107, 61, 52, 7, 2, 0, 15, 20, 11),
	('Mississippi', 152, 119, 102, 5, 9, 3, 15, 12, 6),
	('Missouri', 351, 247, 92, 18, 10, 127, 34, 55, 15),
	('Montana', 14, 10, 5, 0, 2, 3, 2, 1, 1),
	('Nebraska', 22, 9, 7, 0, 0, 2, 2, 6, 5),
	('Nevada', 192, 123, 92, 7, 4, 20, 25, 32, 12),
	('New Hampshire', 11, 7, 5, 0, 0, 2, 2, 2, 0),
	('New Jersey', 380, 260, 244, 1, 5, 10, 46, 37, 37),
	('New Mexico', 148, 81, 66, 10, 1, 4, 20, 26, 21),
	('New York', 800, 500, 113, 12, 9, 366, 142, 124, 34),
	('North Carolina', 555, 369, 252, 17, 24, 76, 63, 83, 40),
	('North Dakota', 12, 3, 3, 0, 0, 0, 1, 4, 4),
	('Ohio', 486, 299, 187, 6, 15, 91, 45, 101, 41),
	('Oklahoma', 222, 132, 105, 9, 8, 10, 35, 36, 19),
	('Oregon', 72, 38, 15, 2, 4, 17, 12, 18, 4),
	('Pennsylvania', 719, 527, 439, 18, 10, 60, 81, 88, 23),
	('Rhode Island', 19, 9, 3, 0, 0, 6, 7, 3, 0),
	('South Carolina', 349, 235, 144, 6, 18, 67, 40, 60, 14),
	('South Dakota', 15, 4, 2, 1, 1, 0, 3, 6, 2),
	('Tennessee', 397, 252, 190, 11, 11, 40, 50, 72, 23),
	('Texas', 1419, 946, 727, 58, 60, 101, 177, 203, 93),
	('Utah', 58, 38, 22, 0, 0, 16, 5, 10, 5),
	('Vermont', 12, 9, 5, 2, 1, 1, 2, 0, 1),
	('Virginia', 406, 287, 163, 5, 10, 109, 48, 51, 20),
	('Washington', 170, 99, 78, 5, 6, 10, 27, 29, 15),
	('West Virginia', 59, 37, 18, 7, 1, 11, 5, 7, 10),
	('Wisconsin', 182, 121, 86, 9, 5, 21, 18, 27, 16),
	('Wyoming', 16, 7, 2, 2, 2, 1, 2, 1, 6);


-- ------------------------------------------------


-- 
-- Create Table `2007___TABLE_21`
-- 
CREATE TABLE `2007___TABLE_21` (
	`ID` INTEGER NOT NULL PRIMARY KEY AUTO_INCREMENT,
	`STATE` VARCHAR(50) NOT NULL,
	`TOTAL_ROBBERIES` INTEGER,
	`FIREARMS` INTEGER,
	`KNIVES_OR_CUTTING_INSTRUMENTS` INTEGER,
	`OTHER_WEAPONS` INTEGER,
	`STRONG_ARM` INTEGER,
	`AGENCY_COUNT` INTEGER,
	`POPULATION` INTEGER
);


-- 
-- Insert Values into `2007___TABLE_21`
-- 
INSERT INTO `2007___TABLE_21` (`STATE`, `TOTAL_ROBBERIES`, `FIREARMS`, `KNIVES_OR_CUTTING_INSTRUMENTS`, `OTHER_WEAPONS`, `STRONG_ARM`, `AGENCY_COUNT`, `POPULATION`) VALUES
	('Alabama', 2910, 1579, 199, 245, 887, 290, 2833181),
	('Alaska', 578, 173, 64, 75, 266, 32, 667568),
	('Arizona', 9437, 4648, 964, 888, 2937, 77, 5946033),
	('Arkansas', 2954, 1415, 173, 291, 1075, 233, 2524285),
	('California', 70202, 23355, 6581, 6547, 33719, 715, 36216791),
	('Colorado', 3392, 1339, 311, 346, 1396, 207, 4691449),
	('Connecticut', 3101, 1058, 348, 311, 1384, 93, 3116015),
	('Delaware', 1686, 691, 122, 128, 745, 53, 853712),
	('District of Columbia', 276, 62, 20, 11, 183, 2, null),
	('Florida', 38073, 17911, 2548, 3437, 14177, 590, 18136624),
	('Georgia', 15430, 9647, 676, 1244, 3863, 360, 7730570),
	('Hawaii', 943, 91, 76, 63, 713, 1, 905903),
	('Idaho', 229, 92, 23, 32, 82, 107, 1476361),
	('Illinois', 633, 249, 43, 75, 266, 1, 155713),
	('Indiana', 6961, 3382, 473, 492, 2614, 266, 4814390),
	('Iowa', 1277, 325, 118, 159, 675, 186, 2644602),
	('Kansas', 2735, 1272, 294, 255, 914, 229, 2734933),
	('Kentucky', 3419, 1384, 258, 669, 1108, 279, 3476669),
	('Louisiana', 5410, 2980, 269, 311, 1850, 117, 3447958),
	('Maine', 349, 73, 36, 27, 213, 164, 1317207),
	('Maryland', 9333, 4346, 925, 523, 3539, 154, 4940435),
	('Massachusetts', 6355, 1605, 1265, 711, 2774, 314, 5754717),
	('Michigan', 13182, 6270, 699, 1211, 5002, 516, 9463609),
	('Minnesota', 4647, 1518, 294, 658, 2177, 299, 4808769),
	('Mississippi', 2162, 1253, 109, 275, 525, 99, 1641272),
	('Missouri', 5351, 2603, 358, 369, 2021, 585, 5361516),
	('Montana', 188, 46, 24, 39, 79, 87, 913685),
	('Nebraska', 1067, 475, 100, 83, 409, 214, 1474140),
	('Nevada', 6930, 3043, 618, 603, 2666, 33, 2546867),
	('New Hampshire', 174, 44, 24, 28, 78, 131, 891903),
	('New Jersey', 12526, 4032, 1210, 824, 6460, 513, 8644483),
	('New Mexico', 1988, 908, 288, 133, 659, 68, 1519970),
	('New York', 9236, 2713, 1013, 1122, 4388, 634, 10777671),
	('North Carolina', 11263, 6208, 797, 974, 3284, 322, 6983777),
	('North Dakota', 67, 21, 4, 9, 33, 60, 568361),
	('Ohio', 12676, 4697, 732, 1002, 6245, 372, 7489853),
	('Oklahoma', 3368, 1503, 260, 311, 1294, 285, 3548670),
	('Oregon', 2816, 761, 272, 273, 1510, 150, 3606874),
	('Pennsylvania', 18907, 8029, 1395, 1170, 8313, 998, 11408646),
	('Rhode Island', 545, 146, 70, 70, 259, 41, 790879),
	('South Carolina', 5748, 3054, 477, 516, 1701, 479, 4075106),
	('South Dakota', 100, 25, 18, 19, 38, 96, 638914),
	('Tennessee', 10974, 6380, 771, 1033, 2790, 452, 6001560),
	('Texas', 38747, 17862, 3628, 3683, 13574, 987, 23853606),
	('Utah', 1401, 459, 186, 163, 593, 112, 2507132),
	('Vermont', 80, 28, 10, 11, 31, 78, 608835),
	('Virginia', 7522, 4057, 563, 734, 2168, 339, 7418848),
	('Washington', 5918, 1336, 535, 567, 3480, 233, 6062127),
	('West Virginia', 753, 261, 102, 89, 301, 276, 1408314),
	('Wisconsin', 5470, 2809, 332, 541, 1788, 370, 5548443),
	('Wyoming', 83, 22, 14, 8, 39, 61, 516496);


-- ------------------------------------------------


-- 
-- Create Table `2007___TABLE_22`
-- 
CREATE TABLE `2007___TABLE_22` (
	`ID` INTEGER NOT NULL PRIMARY KEY AUTO_INCREMENT,
	`STATE` VARCHAR(50) NOT NULL,
	`TOTAL_AGGRAVATED_ASSAULTS` INTEGER,
	`FIREARMS` INTEGER,
	`KNIVES_OR_CUTTING_INSTRUMENTS` INTEGER,
	`OTHER_WEAPONS` INTEGER,
	`PERSONAL_WEAPONS` INTEGER,
	`AGENCY_COUNT` INTEGER,
	`POPULATION` INTEGER
);


-- 
-- Insert Values into `2007___TABLE_22`
-- 
INSERT INTO `2007___TABLE_22` (`STATE`, `TOTAL_AGGRAVATED_ASSAULTS`, `FIREARMS`, `KNIVES_OR_CUTTING_INSTRUMENTS`, `OTHER_WEAPONS`, `PERSONAL_WEAPONS`, `AGENCY_COUNT`, `POPULATION`) VALUES
	('Alabama', 6538, 1906, 945, 1409, 2278, 290, 2833181),
	('Alaska', 3293, 589, 690, 865, 1149, 32, 667568),
	('Arizona', 16952, 4863, 2994, 5561, 3534, 77, 5946033),
	('Arkansas', 9803, 2565, 1723, 2501, 3014, 233, 2524285),
	('California', 107899, 21547, 17243, 39473, 29636, 715, 36216791),
	('Colorado', 11013, 2154, 2489, 3041, 3329, 207, 4691449),
	('Connecticut', 3734, 467, 839, 1349, 1079, 93, 3116015),
	('Delaware', 3833, 829, 820, 1790, 394, 53, 853712),
	('District of Columbia', 120, 11, 59, 34, 16, 2, null),
	('Florida', 85228, 17244, 15239, 35435, 17310, 590, 18136624),
	('Georgia', 22569, 6042, 4228, 6207, 6092, 360, 7730570),
	('Hawaii', 1425, 114, 382, 461, 468, 1, 905903),
	('Idaho', 2695, 468, 544, 899, 784, 107, 1476361),
	('Illinois', 1342, 595, 251, 349, 147, 1, 155713),
	('Indiana', 10047, 1719, 1529, 3246, 3553, 266, 4814390),
	('Iowa', 6141, 575, 1136, 1419, 3011, 186, 2644602),
	('Kansas', 8642, 2624, 1737, 2725, 1556, 229, 2734933),
	('Kentucky', 5607, 1152, 750, 2380, 1325, 279, 3476669),
	('Louisiana', 18850, 4760, 3047, 4753, 6290, 117, 3447958),
	('Maine', 793, 44, 150, 254, 345, 164, 1317207),
	('Maryland', 15207, 2216, 3466, 5530, 3995, 154, 4940435),
	('Massachusetts', 17493, 1758, 4083, 9244, 2408, 314, 5754717),
	('Michigan', 34356, 8627, 6278, 12300, 7151, 516, 9463609),
	('Minnesota', 7869, 1369, 1667, 2197, 2636, 299, 4808769),
	('Mississippi', 2582, 792, 488, 613, 689, 99, 1641272),
	('Missouri', 17390, 3660, 2401, 4933, 6396, 585, 5361516),
	('Montana', 2160, 299, 325, 678, 858, 87, 913685),
	('Nebraska', 3337, 494, 612, 1628, 603, 214, 1474140),
	('Nevada', 10987, 2233, 2029, 5027, 1698, 33, 2546867),
	('New Hampshire', 713, 130, 233, 171, 179, 131, 891903),
	('New Jersey', 14565, 2235, 3171, 4538, 4621, 513, 8644483),
	('New Mexico', 7755, 1531, 1391, 2593, 2240, 68, 1519970),
	('New York', 17563, 2328, 4527, 5272, 5436, 634, 10777671),
	('North Carolina', 21146, 6060, 4120, 5891, 5075, 322, 6983777),
	('North Dakota', 587, 14, 82, 128, 363, 60, 568361),
	('Ohio', 11736, 2697, 2454, 3681, 2904, 372, 7489853),
	('Oklahoma', 12458, 2239, 1905, 4640, 3674, 285, 3548670),
	('Oregon', 6176, 721, 1045, 2187, 2223, 150, 3606874),
	('Pennsylvania', 26467, 5353, 3903, 6727, 10484, 998, 11408646),
	('Rhode Island', 1060, 201, 300, 443, 116, 41, 790879),
	('South Carolina', 24362, 6058, 4313, 6935, 7056, 479, 4075106),
	('South Dakota', 778, 105, 270, 226, 177, 96, 638914),
	('Tennessee', 32445, 9645, 6928, 12396, 3476, 452, 6001560),
	('Texas', 73275, 17174, 16829, 25211, 14061, 987, 23853606),
	('Utah', 3635, 660, 963, 1270, 742, 112, 2507132),
	('Vermont', 553, 69, 104, 115, 265, 78, 608835),
	('Virginia', 10639, 1998, 2381, 3469, 2791, 339, 7418848),
	('Washington', 12323, 1914, 2130, 4007, 4272, 233, 6062127),
	('West Virginia', 3227, 759, 652, 828, 988, 276, 1408314),
	('Wisconsin', 9394, 2258, 1027, 2041, 4068, 370, 5548443),
	('Wyoming', 971, 98, 160, 302, 411, 61, 516496);


-- ------------------------------------------------


-- 
-- Create Table `2008___TABLE_20`
-- 
CREATE TABLE `2008___TABLE_20` (
	`ID` INTEGER NOT NULL PRIMARY KEY AUTO_INCREMENT,
	`STATE` VARCHAR(50) NOT NULL,
	`TOTAL_MURDERS` INTEGER,
	`TOTAL_FIREARMS` INTEGER,
	`HANDGUNS` INTEGER,
	`RIFLES` INTEGER,
	`SHOTGUNS` INTEGER,
	`FIREARMS_TYPE_UNKNOWN` INTEGER,
	`KNIVES_OR_CUTTING_INSTRUMENTS` INTEGER,
	`OTHER_WEAPONS` INTEGER,
	`HANDS_FISTS_FEET_ETC` INTEGER
);


-- 
-- Insert Values into `2008___TABLE_20`
-- 
INSERT INTO `2008___TABLE_20` (`STATE`, `TOTAL_MURDERS`, `TOTAL_FIREARMS`, `HANDGUNS`, `RIFLES`, `SHOTGUNS`, `FIREARMS_TYPE_UNKNOWN`, `KNIVES_OR_CUTTING_INSTRUMENTS`, `OTHER_WEAPONS`, `HANDS_FISTS_FEET_ETC`) VALUES
	('Alabama', 338, 262, 241, 1, 20, 0, 24, 35, 17),
	('Alaska', 27, 13, 9, 1, 3, 0, 1, 6, 7),
	('Arizona', 405, 290, 243, 15, 16, 16, 45, 45, 25),
	('Arkansas', 157, 110, 65, 1, 9, 35, 17, 25, 5),
	('California', 2142, 1487, 1156, 48, 64, 219, 294, 241, 120),
	('Colorado', 151, 86, 50, 3, 2, 31, 31, 17, 17),
	('Connecticut', 112, 71, 46, 1, 0, 24, 27, 11, 3),
	('Delaware', 57, 44, 29, 0, 2, 13, 6, 5, 2),
	('Georgia', 614, 435, 371, 20, 13, 31, 73, 98, 8),
	('Hawaii', 25, 11, 7, 1, 2, 1, 8, 0, 6),
	('Idaho', 23, 14, 9, 2, 3, 0, 0, 3, 6),
	('Illinois', 530, 421, 412, 3, 1, 5, 48, 50, 11),
	('Indiana', 306, 220, 134, 16, 4, 66, 28, 39, 19),
	('Iowa', 74, 25, 13, 2, 4, 6, 16, 20, 13),
	('Kansas', 110, 61, 41, 2, 3, 15, 15, 17, 17),
	('Kentucky', 182, 121, 78, 8, 13, 22, 25, 27, 9),
	('Louisiana', 390, 309, 241, 20, 12, 36, 33, 34, 14),
	('Maine', 31, 11, 6, 2, 0, 3, 10, 4, 6),
	('Maryland', 493, 353, 328, 4, 13, 8, 61, 51, 28),
	('Massachusetts', 164, 89, 59, 2, 0, 28, 49, 23, 3),
	('Michigan', 536, 375, 165, 16, 8, 186, 40, 94, 27),
	('Minnesota', 106, 54, 51, 1, 2, 0, 22, 22, 8),
	('Mississippi', 184, 142, 115, 4, 11, 12, 15, 20, 7),
	('Missouri', 455, 349, 172, 25, 15, 137, 41, 53, 12),
	('Montana', 23, 11, 5, 3, 1, 2, 4, 4, 4),
	('Nebraska', 22, 9, 1, 1, 2, 5, 4, 8, 1),
	('Nevada', 163, 93, 60, 1, 6, 26, 27, 35, 8),
	('New Hampshire', 12, 2, 1, 1, 0, 0, 3, 7, 0),
	('New Jersey', 376, 236, 202, 1, 3, 30, 67, 39, 34),
	('New Mexico', 134, 88, 70, 4, 7, 7, 22, 13, 11),
	('New York', 835, 475, 107, 12, 20, 336, 184, 147, 29),
	('North Carolina', 586, 362, 261, 22, 25, 54, 54, 102, 68),
	('North Dakota', 3, 0, 0, 0, 0, 0, 2, 0, 1),
	('Ohio', 460, 293, 175, 5, 5, 108, 38, 90, 39),
	('Oklahoma', 212, 128, 106, 6, 10, 6, 33, 28, 23),
	('Oregon', 82, 47, 24, 2, 2, 19, 16, 18, 1),
	('Pennsylvania', 700, 521, 398, 15, 16, 92, 66, 86, 27),
	('Rhode Island', 29, 18, 9, 0, 0, 9, 6, 4, 1),
	('South Carolina', 304, 206, 125, 9, 18, 54, 31, 43, 24),
	('South Dakota', 22, 13, 4, 0, 2, 7, 1, 7, 1),
	('Tennessee', 408, 240, 170, 11, 19, 40, 53, 91, 24),
	('Texas', 1372, 895, 706, 58, 52, 79, 230, 140, 107),
	('Utah', 41, 19, 16, 0, 0, 3, 8, 8, 6),
	('Vermont', 17, 8, 4, 3, 0, 1, 0, 6, 3),
	('Virginia', 366, 240, 121, 12, 13, 94, 54, 61, 11),
	('Washington', 190, 110, 82, 2, 10, 16, 32, 25, 23),
	('West Virginia', 55, 33, 14, 2, 10, 7, 5, 13, 4),
	('Wisconsin', 146, 80, 51, 7, 3, 19, 25, 22, 19),
	('Wyoming', 10, 4, 2, 0, 0, 2, 3, 1, 2);


-- ------------------------------------------------


-- 
-- Create Table `2008___TABLE_21`
-- 
CREATE TABLE `2008___TABLE_21` (
	`ID` INTEGER NOT NULL PRIMARY KEY AUTO_INCREMENT,
	`STATE` VARCHAR(50) NOT NULL,
	`TOTAL_ROBBERIES` INTEGER,
	`FIREARMS` INTEGER,
	`KNIVES_OR_CUTTING_INSTRUMENTS` INTEGER,
	`OTHER_WEAPONS` INTEGER,
	`STRONG_ARM` INTEGER,
	`AGENCY_COUNT` INTEGER,
	`POPULATION` INTEGER
);


-- 
-- Insert Values into `2008___TABLE_21`
-- 
INSERT INTO `2008___TABLE_21` (`STATE`, `TOTAL_ROBBERIES`, `FIREARMS`, `KNIVES_OR_CUTTING_INSTRUMENTS`, `OTHER_WEAPONS`, `STRONG_ARM`, `AGENCY_COUNT`, `POPULATION`) VALUES
	('Alabama', 3618, 2225, 191, 196, 1006, 299, 3233392),
	('Alaska', 642, 167, 60, 71, 344, 33, 673786),
	('Arizona', 9645, 4986, 840, 840, 2979, 85, 6414715),
	('Arkansas', 2660, 1279, 164, 172, 1045, 210, 2609689),
	('California', 69287, 22047, 6245, 6415, 34580, 724, 36588661),
	('Colorado', 3148, 1191, 306, 353, 1298, 199, 4637260),
	('Connecticut', 3129, 994, 313, 336, 1486, 101, 3377299),
	('Delaware', 1838, 827, 116, 141, 754, 54, 873092),
	('District of Columbia', 4430, 1811, 234, 181, 2204, 3, 591833),
	('Florida', 36224, 16915, 2267, 3075, 13967, 591, 18294452),
	('Georgia', 15069, 9677, 616, 1061, 3715, 298, 7263407),
	('Hawaii', 1021, 109, 94, 80, 738, 3, 1145204),
	('Idaho', 215, 64, 32, 29, 90, 102, 1444155),
	('Illinois', 582, 261, 37, 51, 233, 1, 157262),
	('Indiana', 7186, 3773, 415, 531, 2467, 265, 5045972),
	('Iowa', 1234, 295, 109, 160, 670, 194, 2765774),
	('Kansas', 1286, 513, 118, 157, 498, 240, 2218689),
	('Kentucky', 3604, 1490, 267, 553, 1294, 292, 3554879),
	('Louisiana', 5221, 2966, 264, 331, 1660, 130, 3517098),
	('Maine', 333, 53, 43, 34, 203, 165, 1316456),
	('Maryland', 9175, 4243, 833, 478, 3621, 156, 4999048),
	('Massachusetts', 6489, 1616, 1255, 798, 2820, 322, 5821590),
	('Michigan', 12459, 6295, 592, 1095, 4477, 480, 8705522),
	('Minnesota', 4142, 1322, 265, 635, 1920, 303, 4955284),
	('Mississippi', 2198, 1316, 124, 222, 536, 104, 1667671),
	('Missouri', 7347, 3785, 418, 589, 2555, 586, 5787538),
	('Montana', 168, 29, 14, 39, 86, 87, 924548),
	('Nebraska', 1285, 619, 95, 98, 473, 219, 1636902),
	('Nevada', 6473, 2693, 593, 557, 2630, 36, 2600167),
	('New Hampshire', 353, 76, 48, 45, 184, 138, 1032522),
	('New Jersey', 12282, 4113, 1022, 778, 6369, 527, 8522218),
	('New Mexico', 2031, 950, 247, 156, 678, 69, 1606223),
	('New York', 9524, 2831, 959, 1186, 4548, 587, 10739528),
	('North Carolina', 12862, 7288, 894, 1059, 3621, 324, 7452925),
	('North Dakota', 70, 9, 10, 11, 40, 71, 580591),
	('Ohio', 17242, 7200, 719, 1575, 7748, 412, 8532469),
	('Oklahoma', 3639, 1764, 286, 261, 1328, 281, 3418015),
	('Oregon', 2618, 611, 300, 267, 1440, 152, 3649695),
	('Pennsylvania', 18636, 7781, 1282, 1218, 8355, 1126, 11891768),
	('Rhode Island', 879, 215, 116, 108, 440, 48, 1050788),
	('South Carolina', 6000, 3402, 417, 490, 1691, 454, 3848869),
	('South Dakota', 116, 25, 19, 15, 57, 98, 652677),
	('Tennessee', 10666, 6416, 697, 852, 2701, 433, 5845629),
	('Texas', 37718, 17962, 3218, 3398, 13140, 987, 24292555),
	('Utah', 1415, 450, 152, 157, 656, 118, 2687888),
	('Vermont', 89, 22, 19, 13, 35, 80, 604277),
	('Virginia', 7390, 4166, 489, 664, 2071, 377, 7694707),
	('Washington', 6116, 1481, 551, 611, 3473, 234, 6125943),
	('West Virginia', 521, 166, 46, 90, 219, 155, 1046031),
	('Wisconsin', 5124, 2651, 330, 453, 1690, 374, 5588110),
	('Wyoming', 85, 23, 13, 8, 41, 62, 528009);


-- ------------------------------------------------


-- 
-- Create Table `2008___TABLE_22`
-- 
CREATE TABLE `2008___TABLE_22` (
	`ID` INTEGER NOT NULL PRIMARY KEY AUTO_INCREMENT,
	`STATE` VARCHAR(50) NOT NULL,
	`TOTAL_AGGRAVATED_ASSAULTS` INTEGER,
	`FIREARMS` INTEGER,
	`KNIVES_OR_CUTTING_INSTRUMENTS` INTEGER,
	`OTHER_WEAPONS` INTEGER,
	`PERSONAL_WEAPONS` INTEGER,
	`AGENCY_COUNT` INTEGER,
	`POPULATION` INTEGER
);


-- 
-- Insert Values into `2008___TABLE_22`
-- 
INSERT INTO `2008___TABLE_22` (`STATE`, `TOTAL_AGGRAVATED_ASSAULTS`, `FIREARMS`, `KNIVES_OR_CUTTING_INSTRUMENTS`, `OTHER_WEAPONS`, `PERSONAL_WEAPONS`, `AGENCY_COUNT`, `POPULATION`) VALUES
	('Alabama', 7659, 2258, 1107, 1672, 2622, 299, 3233392),
	('Alaska', 3307, 535, 679, 895, 1198, 33, 673786),
	('Arizona', 16974, 4842, 2954, 5141, 4037, 85, 6414715),
	('Arkansas', 9641, 2316, 1605, 2168, 3552, 210, 2609689),
	('California', 103892, 19126, 16601, 37917, 30248, 724, 36588661),
	('Colorado', 10530, 2029, 2486, 2767, 3248, 199, 4637260),
	('Connecticut', 4595, 548, 1017, 1597, 1433, 101, 3377299),
	('Delaware', 3880, 971, 864, 1624, 421, 54, 873092),
	('District of Columbia', 3707, 847, 1086, 1310, 464, 3, 591833),
	('Florida', 82681, 16697, 14597, 32236, 19151, 591, 18294452),
	('Georgia', 20206, 5476, 3650, 5251, 5829, 298, 7263407),
	('Hawaii', 1846, 182, 413, 602, 649, 3, 1145204),
	('Idaho', 2403, 355, 466, 773, 809, 102, 1444155),
	('Illinois', 1482, 760, 233, 360, 129, 1, 157262),
	('Indiana', 10655, 1735, 1486, 3367, 4067, 265, 5045972),
	('Iowa', 6125, 588, 1025, 1433, 3079, 194, 2765774),
	('Kansas', 6801, 1786, 1367, 2265, 1383, 240, 2218689),
	('Kentucky', 5913, 1224, 885, 2371, 1433, 292, 3554879),
	('Louisiana', 16643, 4335, 2593, 4368, 5347, 130, 3517098),
	('Maine', 808, 59, 206, 210, 333, 165, 1316456),
	('Maryland', 14881, 2023, 3433, 5168, 4257, 156, 4999048),
	('Massachusetts', 18739, 1859, 4357, 9863, 2660, 322, 5821590),
	('Michigan', 30232, 7918, 5855, 10603, 5856, 480, 8705522),
	('Minnesota', 7372, 1226, 1641, 2023, 2482, 303, 4955284),
	('Mississippi', 2489, 860, 497, 620, 512, 104, 1667671),
	('Missouri', 19953, 5904, 2719, 5384, 5946, 586, 5787538),
	('Montana', 1939, 264, 272, 588, 815, 87, 924548),
	('Nebraska', 3353, 499, 598, 1516, 740, 219, 1636902),
	('Nevada', 11099, 1936, 2144, 5214, 1805, 36, 2600167),
	('New Hampshire', 1023, 167, 343, 277, 236, 138, 1032522),
	('New Jersey', 13561, 2063, 3062, 4183, 4253, 527, 8522218),
	('New Mexico', 7676, 1742, 1333, 2278, 2323, 69, 1606223),
	('New York', 16801, 2190, 4646, 4921, 5044, 587, 10739528),
	('North Carolina', 21408, 6658, 4221, 5795, 4734, 324, 7452925),
	('North Dakota', 734, 15, 92, 145, 482, 71, 580591),
	('Ohio', 14131, 3370, 2963, 4436, 3362, 412, 8532469),
	('Oklahoma', 13293, 2464, 2149, 4940, 3740, 281, 3418015),
	('Oregon', 5766, 680, 1030, 1971, 2085, 152, 3649695),
	('Pennsylvania', 27141, 5348, 4098, 6787, 10908, 1126, 11891768),
	('Rhode Island', 1436, 304, 452, 497, 183, 48, 1050788),
	('South Carolina', 21284, 5602, 3887, 5819, 5976, 454, 3848869),
	('South Dakota', 942, 112, 345, 325, 160, 98, 652677),
	('Tennessee', 30407, 9381, 6539, 11196, 3291, 433, 5845629),
	('Texas', 76279, 17622, 16875, 26750, 15032, 987, 24292555),
	('Utah', 3672, 600, 1036, 1307, 729, 118, 2687888),
	('Vermont', 609, 60, 134, 143, 272, 80, 604277),
	('Virginia', 10139, 2146, 2311, 3451, 2231, 377, 7694707),
	('Washington', 11947, 1805, 2171, 3848, 4123, 234, 6125943),
	('West Virginia', 2560, 559, 403, 736, 862, 155, 1046031),
	('Wisconsin', 9012, 2003, 926, 1916, 4167, 374, 5588110),
	('Wyoming', 949, 96, 173, 284, 396, 62, 528009);


-- ------------------------------------------------


-- 
-- Create Table `2009___TABLE_20`
-- 
CREATE TABLE `2009___TABLE_20` (
	`ID` INTEGER NOT NULL PRIMARY KEY AUTO_INCREMENT,
	`STATE` VARCHAR(50) NOT NULL,
	`TOTAL_MURDERS` INTEGER,
	`TOTAL_FIREARMS` INTEGER,
	`HANDGUNS` INTEGER,
	`RIFLES` INTEGER,
	`SHOTGUNS` INTEGER,
	`FIREARMS_TYPE_UNKNOWN` INTEGER,
	`KNIVES_OR_CUTTING_INSTRUMENTS` INTEGER,
	`OTHER_WEAPONS` INTEGER,
	`HANDS_FISTS_FEET_ETC` INTEGER
);


-- 
-- Insert Values into `2009___TABLE_20`
-- 
INSERT INTO `2009___TABLE_20` (`STATE`, `TOTAL_MURDERS`, `TOTAL_FIREARMS`, `HANDGUNS`, `RIFLES`, `SHOTGUNS`, `FIREARMS_TYPE_UNKNOWN`, `KNIVES_OR_CUTTING_INSTRUMENTS`, `OTHER_WEAPONS`, `HANDS_FISTS_FEET_ETC`) VALUES
	('Alabama', 318, 229, 196, 1, 32, 0, 29, 40, 20),
	('Alaska', 22, 13, 1, 0, 0, 12, 4, 3, 2),
	('Arizona', 328, 197, 164, 10, 10, 13, 61, 53, 17),
	('Arkansas', 171, 107, 54, 5, 5, 43, 21, 38, 5),
	('California', 1972, 1360, 1022, 45, 49, 244, 291, 214, 107),
	('Colorado', 167, 94, 55, 6, 6, 27, 23, 30, 20),
	('Connecticut', 107, 70, 51, 0, 2, 17, 17, 14, 6),
	('Delaware', 41, 31, 20, 2, 0, 9, 6, 1, 3),
	('District of Columbia', 144, 113, 80, 1, 1, 31, 17, 9, 5),
	('Georgia', 543, 378, 323, 17, 19, 19, 56, 97, 12),
	('Hawaii', 21, 8, 4, 2, 1, 1, 3, 4, 6),
	('Idaho', 22, 5, 3, 0, 0, 2, 3, 9, 5),
	('Illinois', 479, 386, 360, 5, 8, 13, 39, 48, 6),
	('Indiana', 293, 209, 136, 8, 14, 51, 34, 40, 10),
	('Iowa', 34, 11, 3, 1, 3, 4, 8, 6, 9),
	('Kansas', 118, 85, 38, 9, 0, 38, 14, 11, 8),
	('Kentucky', 170, 112, 90, 5, 6, 11, 22, 27, 9),
	('Louisiana', 486, 402, 330, 20, 11, 41, 32, 37, 15),
	('Maine', 26, 11, 4, 0, 0, 7, 6, 6, 3),
	('Maryland', 438, 305, 297, 2, 6, 0, 58, 57, 18),
	('Massachusetts', 169, 93, 47, 2, 1, 43, 40, 29, 7),
	('Michigan', 625, 437, 239, 25, 19, 154, 47, 112, 29),
	('Minnesota', 72, 38, 35, 1, 1, 1, 14, 8, 12),
	('Mississippi', 151, 105, 83, 9, 6, 7, 22, 15, 9),
	('Missouri', 381, 276, 170, 8, 11, 87, 40, 50, 15),
	('Montana', 28, 19, 9, 2, 5, 3, 4, 2, 3),
	('Nebraska', 40, 23, 22, 1, 0, 0, 8, 4, 5),
	('Nevada', 156, 91, 66, 1, 3, 21, 25, 27, 13),
	('New Hampshire', 10, 4, 1, 0, 0, 3, 3, 2, 1),
	('New Jersey', 319, 220, 189, 3, 6, 22, 44, 36, 19),
	('New Mexico', 144, 78, 54, 2, 3, 19, 24, 29, 13),
	('New York', 779, 481, 117, 8, 13, 343, 166, 109, 23),
	('North Carolina', 480, 335, 243, 17, 20, 55, 49, 64, 32),
	('North Dakota', 9, 3, 1, 1, 1, 0, 0, 3, 3),
	('Ohio', 502, 311, 193, 2, 9, 107, 52, 95, 44),
	('Oklahoma', 225, 125, 104, 10, 4, 7, 45, 25, 30),
	('Oregon', 83, 41, 9, 2, 10, 20, 21, 19, 2),
	('Pennsylvania', 658, 468, 373, 13, 11, 71, 66, 100, 24),
	('Rhode Island', 31, 18, 0, 0, 0, 18, 6, 5, 2),
	('South Carolina', 286, 197, 115, 4, 12, 66, 28, 41, 20),
	('South Dakota', 11, 4, 0, 1, 2, 1, 5, 1, 1),
	('Tennessee', 461, 295, 200, 13, 22, 60, 45, 92, 29),
	('Texas', 1325, 862, 661, 55, 58, 88, 197, 153, 113),
	('Utah', 37, 25, 15, 0, 5, 5, 8, 2, 2),
	('Vermont', 7, 0, 0, 0, 0, 0, 4, 1, 2),
	('Virginia', 347, 229, 108, 8, 7, 106, 41, 55, 22),
	('Washington', 169, 101, 75, 16, 4, 6, 35, 14, 19),
	('West Virginia', 76, 38, 20, 2, 3, 13, 19, 13, 6),
	('Wisconsin', 144, 95, 65, 3, 9, 18, 22, 13, 14),
	('Wyoming', 11, 8, 7, 0, 0, 1, 1, 1, 1);


-- ------------------------------------------------


-- 
-- Create Table `2009___TABLE_21`
-- 
CREATE TABLE `2009___TABLE_21` (
	`ID` INTEGER NOT NULL PRIMARY KEY AUTO_INCREMENT,
	`STATE` VARCHAR(50) NOT NULL,
	`TOTAL_ROBBERIES` INTEGER,
	`FIREARMS` INTEGER,
	`KNIVES_OR_CUTTING_INSTRUMENTS` INTEGER,
	`OTHER_WEAPONS` INTEGER,
	`STRONG_ARM` INTEGER,
	`AGENCY_COUNT` INTEGER,
	`POPULATION` INTEGER
);


-- 
-- Insert Values into `2009___TABLE_21`
-- 
INSERT INTO `2009___TABLE_21` (`STATE`, `TOTAL_ROBBERIES`, `FIREARMS`, `KNIVES_OR_CUTTING_INSTRUMENTS`, `OTHER_WEAPONS`, `STRONG_ARM`, `AGENCY_COUNT`, `POPULATION`) VALUES
	('Alabama', 2462, 1384, 156, 172, 750, 299, 2855069),
	('Alaska', 652, 169, 45, 56, 382, 34, 689711),
	('Arizona', 8060, 3671, 787, 816, 2786, 94, 6476531),
	('Arkansas', 2508, 1211, 146, 260, 891, 235, 2633889),
	('California', 63867, 19820, 5647, 5810, 32590, 724, 36754564),
	('Colorado', 3317, 1190, 332, 459, 1336, 216, 4821337),
	('Connecticut', 3990, 1445, 393, 299, 1853, 103, 3518288),
	('Delaware', 1669, 755, 127, 136, 651, 54, 884338),
	('District of Columbia', 4389, 1860, 221, 218, 2090, 2, 599657),
	('Florida', 30881, 13668, 1938, 2732, 12543, 593, 18514171),
	('Georgia', 12333, 7582, 506, 1032, 3213, 409, 7902755),
	('Hawaii', 959, 110, 91, 84, 674, 3, 1150076),
	('Idaho', 243, 101, 15, 33, 94, 105, 1522656),
	('Illinois', 596, 262, 40, 57, 237, 1, 157943),
	('Indiana', 7101, 3434, 425, 567, 2675, 285, 5354545),
	('Iowa', 1178, 322, 114, 107, 635, 193, 2752632),
	('Kansas', 1454, 763, 111, 108, 472, 135, 1684577),
	('Kentucky', 3517, 1523, 276, 393, 1325, 331, 4037846),
	('Louisiana', 5579, 3217, 287, 365, 1710, 156, 3845020),
	('Maine', 399, 77, 50, 39, 233, 167, 1318301),
	('Maryland', 8257, 3810, 746, 420, 3281, 152, 5034143),
	('Massachusetts', 7038, 1756, 1411, 755, 3116, 323, 5967910),
	('Michigan', 12280, 6148, 607, 1046, 4479, 583, 9733340),
	('Minnesota', 3574, 1120, 237, 574, 1643, 304, 5063535),
	('Mississippi', 2303, 1329, 129, 238, 607, 114, 1862360),
	('Missouri', 7291, 3859, 389, 587, 2456, 569, 5590125),
	('Montana', 215, 52, 24, 53, 86, 99, 965182),
	('Nebraska', 1209, 588, 91, 78, 452, 214, 1614761),
	('Nevada', 5996, 2286, 518, 501, 2691, 38, 2593832),
	('New Hampshire', 431, 85, 72, 66, 208, 151, 1160414),
	('New Jersey', 11573, 3598, 942, 760, 6273, 567, 8596265),
	('New Mexico', 1746, 756, 186, 145, 659, 77, 1702917),
	('New York', 9410, 2797, 1062, 1075, 4476, 542, 10757201),
	('North Carolina', 11165, 6130, 735, 916, 3384, 360, 8345557),
	('North Dakota', 104, 24, 15, 17, 48, 84, 613406),
	('Ohio', 16905, 6963, 796, 1586, 7560, 457, 9476128),
	('Oklahoma', 3320, 1580, 248, 242, 1250, 305, 3530985),
	('Oregon', 2413, 554, 269, 217, 1373, 158, 3767402),
	('Pennsylvania', 17133, 7243, 1102, 1033, 7755, 1121, 11653125),
	('Rhode Island', 786, 229, 107, 99, 351, 49, 1053209),
	('South Carolina', 5482, 3058, 382, 476, 1566, 427, 4256280),
	('South Dakota', 107, 24, 17, 8, 58, 116, 706921),
	('Tennessee', 9594, 5692, 609, 738, 2555, 450, 6137723),
	('Texas', 37955, 19036, 3020, 3106, 12793, 1008, 24686445),
	('Utah', 1295, 413, 142, 128, 612, 122, 2747172),
	('Vermont', 109, 36, 21, 14, 38, 77, 605536),
	('Virginia', 5848, 3107, 407, 613, 1721, 396, 7699105),
	('Washington', 6423, 1713, 504, 591, 3615, 237, 6214402),
	('West Virginia', 644, 188, 75, 95, 286, 222, 1334287),
	('Wisconsin', 4833, 2565, 250, 464, 1554, 371, 5539597),
	('Wyoming', 76, 32, 11, 4, 29, 64, 539500);


-- ------------------------------------------------


-- 
-- Create Table `2009___TABLE_22`
-- 
CREATE TABLE `2009___TABLE_22` (
	`ID` INTEGER NOT NULL PRIMARY KEY AUTO_INCREMENT,
	`STATE` VARCHAR(50) NOT NULL,
	`TOTAL_AGGRAVATED_ASSAULTS` INTEGER,
	`FIREARMS` INTEGER,
	`KNIVES_OR_CUTTING_INSTRUMENTS` INTEGER,
	`OTHER_WEAPONS` INTEGER,
	`PERSONAL_WEAPONS` INTEGER,
	`AGENCY_COUNT` INTEGER,
	`POPULATION` INTEGER
);


-- 
-- Insert Values into `2009___TABLE_22`
-- 
INSERT INTO `2009___TABLE_22` (`STATE`, `TOTAL_AGGRAVATED_ASSAULTS`, `FIREARMS`, `KNIVES_OR_CUTTING_INSTRUMENTS`, `OTHER_WEAPONS`, `PERSONAL_WEAPONS`, `AGENCY_COUNT`, `POPULATION`) VALUES
	('Alabama', 6769, 1609, 924, 1635, 2601, 299, 2855069),
	('Alaska', 3194, 540, 704, 855, 1095, 34, 689711),
	('Arizona', 15967, 4053, 2737, 5054, 4123, 94, 6476531),
	('Arkansas', 10166, 2515, 1597, 2169, 3885, 235, 2633889),
	('California', 99204, 17297, 16058, 35325, 30524, 724, 36754564),
	('Colorado', 10857, 2059, 2326, 3011, 3461, 216, 4821337),
	('Connecticut', 5760, 772, 1215, 2079, 1694, 103, 3518288),
	('Delaware', 3580, 843, 798, 1564, 375, 54, 884338),
	('District of Columbia', 3388, 728, 953, 1256, 451, 2, 599657),
	('Florida', 76023, 15015, 13439, 29167, 18402, 593, 18514171),
	('Georgia', 20726, 5186, 3714, 5578, 6248, 409, 7902755),
	('Hawaii', 1897, 156, 426, 648, 667, 3, 1150076),
	('Idaho', 2695, 401, 469, 1032, 793, 105, 1522656),
	('Illinois', 1332, 624, 249, 319, 140, 1, 157943),
	('Indiana', 11027, 1723, 1544, 3448, 4312, 285, 5354545),
	('Iowa', 5978, 508, 1044, 1306, 3120, 193, 2752632),
	('Kansas', 5236, 1820, 1051, 1393, 972, 135, 1684577),
	('Kentucky', 5641, 1017, 881, 2350, 1393, 331, 4037846),
	('Louisiana', 16963, 4308, 2634, 4409, 5612, 156, 3845020),
	('Maine', 778, 32, 146, 240, 360, 167, 1318301),
	('Maryland', 14343, 1838, 3178, 4986, 4341, 152, 5034143),
	('Massachusetts', 18895, 1940, 4408, 9715, 2832, 323, 5967910),
	('Michigan', 31748, 8251, 5964, 11390, 6143, 583, 9733340),
	('Minnesota', 7138, 1175, 1420, 2037, 2506, 304, 5063535),
	('Mississippi', 2873, 822, 520, 840, 691, 114, 1862360),
	('Missouri', 19092, 5789, 2526, 5020, 5757, 569, 5590125),
	('Montana', 1915, 297, 260, 580, 778, 99, 965182),
	('Nebraska', 3054, 490, 493, 1298, 773, 214, 1614761),
	('Nevada', 11255, 1707, 2009, 5680, 1859, 38, 2593832),
	('New Hampshire', 1151, 191, 392, 306, 262, 151, 1160414),
	('New Jersey', 14020, 1969, 3095, 4476, 4480, 567, 8596265),
	('New Mexico', 8168, 1596, 1373, 2347, 2852, 77, 1702917),
	('New York', 16801, 2276, 4995, 4859, 4671, 542, 10757201),
	('North Carolina', 21025, 6110, 4288, 5816, 4811, 360, 8345557),
	('North Dakota', 931, 12, 79, 151, 689, 84, 613406),
	('Ohio', 14592, 3510, 2934, 4525, 3623, 457, 9476128),
	('Oklahoma', 12744, 2449, 2098, 4583, 3614, 305, 3530985),
	('Oregon', 5290, 613, 976, 1925, 1776, 158, 3767402),
	('Pennsylvania', 24662, 4851, 3689, 6181, 9941, 1121, 11653125),
	('Rhode Island', 1556, 320, 418, 605, 213, 49, 1053209),
	('South Carolina', 21682, 5685, 3908, 5988, 6101, 427, 4256280),
	('South Dakota', 865, 109, 307, 264, 185, 116, 706921),
	('Tennessee', 29390, 9154, 6018, 11015, 3203, 450, 6137723),
	('Texas', 73823, 17516, 16393, 26622, 13292, 1008, 24686445),
	('Utah', 3648, 537, 1039, 1199, 873, 122, 2747172),
	('Vermont', 560, 62, 116, 120, 262, 77, 605536),
	('Virginia', 9187, 1819, 2128, 3127, 2113, 396, 7699105),
	('Washington', 11971, 1719, 2023, 3843, 4386, 237, 6214402),
	('West Virginia', 3239, 762, 598, 849, 1030, 222, 1334287),
	('Wisconsin', 8206, 1900, 814, 1518, 3974, 371, 5539597),
	('Wyoming', 956, 98, 179, 270, 409, 64, 539500);


-- ------------------------------------------------


-- 
-- Create Table `2010___TABLE_20`
-- 
CREATE TABLE `2010___TABLE_20` (
	`ID` INTEGER NOT NULL PRIMARY KEY AUTO_INCREMENT,
	`STATE` VARCHAR(50) NOT NULL,
	`TOTAL_MURDERS` INTEGER,
	`TOTAL_FIREARMS` INTEGER,
	`HANDGUNS` INTEGER,
	`RIFLES` INTEGER,
	`SHOTGUNS` INTEGER,
	`FIREARMS_TYPE_UNKNOWN` INTEGER,
	`KNIVES_OR_CUTTING_INSTRUMENTS` INTEGER,
	`OTHER_WEAPONS` INTEGER,
	`HANDS_FISTS_FEET_ETC` INTEGER
);


-- 
-- Insert Values into `2010___TABLE_20`
-- 
INSERT INTO `2010___TABLE_20` (`STATE`, `TOTAL_MURDERS`, `TOTAL_FIREARMS`, `HANDGUNS`, `RIFLES`, `SHOTGUNS`, `FIREARMS_TYPE_UNKNOWN`, `KNIVES_OR_CUTTING_INSTRUMENTS`, `OTHER_WEAPONS`, `HANDS_FISTS_FEET_ETC`) VALUES
	('Alabama', 199, 135, 112, 0, 23, 0, 23, 24, 17),
	('Alaska', 31, 19, 3, 5, 1, 10, 4, 4, 4),
	('Arizona', 352, 232, 152, 14, 10, 56, 51, 62, 7),
	('Arkansas', 130, 93, 49, 7, 4, 33, 12, 21, 4),
	('California', 1811, 1257, 953, 59, 44, 201, 250, 201, 103),
	('Colorado', 117, 65, 34, 0, 4, 27, 20, 21, 11),
	('Connecticut', 131, 97, 72, 0, 1, 24, 20, 8, 6),
	('Delaware', 48, 38, 25, 0, 2, 11, 8, 0, 2),
	('District of Columbia', 131, 99, 32, 0, 0, 67, 20, 7, 5),
	('Georgia', 527, 376, 315, 19, 21, 21, 64, 85, 2),
	('Hawaii', 24, 7, 6, 0, 0, 1, 6, 5, 6),
	('Idaho', 21, 12, 12, 0, 0, 0, 4, 2, 3),
	('Illinois', 453, 364, 355, 3, 1, 5, 30, 43, 16),
	('Indiana', 198, 142, 83, 11, 7, 41, 19, 25, 12),
	('Iowa', 38, 21, 9, 1, 4, 7, 4, 9, 4),
	('Kansas', 100, 63, 30, 4, 1, 28, 13, 18, 6),
	('Kentucky', 180, 116, 76, 6, 16, 18, 19, 25, 20),
	('Louisiana', 437, 351, 263, 19, 11, 58, 42, 31, 13),
	('Maine', 24, 11, 4, 2, 1, 4, 6, 1, 6),
	('Maryland', 424, 293, 272, 3, 12, 6, 59, 53, 19),
	('Massachusetts', 209, 118, 52, 0, 1, 65, 50, 31, 10),
	('Michigan', 558, 413, 239, 25, 14, 135, 43, 71, 31),
	('Minnesota', 91, 53, 43, 2, 8, 0, 14, 16, 8),
	('Mississippi', 165, 120, 98, 3, 12, 7, 21, 19, 5),
	('Missouri', 419, 321, 189, 26, 4, 102, 35, 49, 14),
	('Montana', 21, 12, 6, 2, 4, 0, 3, 5, 1),
	('Nebraska', 51, 32, 29, 1, 2, 0, 8, 5, 6),
	('Nevada', 158, 84, 57, 5, 6, 16, 22, 34, 18),
	('New Hampshire', 13, 5, 2, 0, 2, 1, 5, 3, 0),
	('New Jersey', 363, 246, 216, 7, 2, 21, 50, 39, 28),
	('New Mexico', 118, 67, 36, 6, 2, 23, 29, 15, 7),
	('New York', 860, 517, 135, 6, 12, 364, 173, 148, 22),
	('North Carolina', 445, 286, 188, 21, 25, 52, 56, 72, 31),
	('North Dakota', 9, 4, 3, 0, 1, 0, 0, 4, 1),
	('Ohio', 460, 310, 176, 7, 2, 125, 40, 93, 17),
	('Oklahoma', 188, 111, 86, 8, 7, 10, 24, 32, 21),
	('Oregon', 78, 36, 20, 1, 2, 13, 16, 17, 9),
	('Pennsylvania', 646, 457, 367, 8, 11, 71, 67, 94, 28),
	('Rhode Island', 29, 16, 2, 1, 1, 12, 5, 6, 2),
	('South Carolina', 280, 207, 136, 8, 7, 56, 22, 34, 17),
	('South Dakota', 14, 8, 3, 0, 1, 4, 2, 4, 0),
	('Tennessee', 356, 219, 146, 12, 11, 50, 35, 83, 19),
	('Texas', 1246, 805, 581, 34, 48, 142, 202, 130, 109),
	('Utah', 52, 22, 16, 0, 1, 5, 7, 12, 11),
	('Vermont', 7, 2, 1, 1, 0, 0, 1, 2, 2),
	('Virginia', 369, 250, 137, 9, 12, 92, 47, 50, 22),
	('Washington', 151, 93, 73, 4, 2, 14, 24, 22, 12),
	('West Virginia', 55, 27, 16, 0, 4, 7, 11, 9, 8),
	('Wisconsin', 151, 97, 63, 5, 6, 23, 13, 22, 19),
	('Wyoming', 8, 5, 0, 2, 0, 3, 1, 1, 1),
	('Virgin Islands', 50, 41, 36, 1, 0, 4, 4, 5, 0);


-- ------------------------------------------------


-- 
-- Create Table `2010___TABLE_21`
-- 
CREATE TABLE `2010___TABLE_21` (
	`ID` INTEGER NOT NULL PRIMARY KEY AUTO_INCREMENT,
	`STATE` VARCHAR(50) NOT NULL,
	`TOTAL_ROBBERIES` INTEGER,
	`FIREARMS` INTEGER,
	`KNIVES_OR_CUTTING_INSTRUMENTS` INTEGER,
	`OTHER_WEAPONS` INTEGER,
	`STRONG_ARM` INTEGER,
	`AGENCY_COUNT` INTEGER,
	`POPULATION` INTEGER
);


-- 
-- Insert Values into `2010___TABLE_21`
-- 
INSERT INTO `2010___TABLE_21` (`STATE`, `TOTAL_ROBBERIES`, `FIREARMS`, `KNIVES_OR_CUTTING_INSTRUMENTS`, `OTHER_WEAPONS`, `STRONG_ARM`, `AGENCY_COUNT`, `POPULATION`) VALUES
	('Alabama', 1511, 817, 91, 113, 490, 303, 2573716),
	('Alaska', 584, 153, 53, 55, 323, 35, 694439),
	('Arizona', 6864, 3036, 645, 599, 2584, 96, 6084911),
	('Arkansas', 2283, 1067, 137, 227, 852, 199, 2498547),
	('California', 58035, 18053, 5044, 5357, 29581, 729, 37180162),
	('Colorado', 3068, 1119, 308, 383, 1258, 171, 4579863),
	('Connecticut', 3483, 1164, 377, 297, 1645, 99, 3431851),
	('Delaware', 1829, 839, 146, 136, 708, 53, 897934),
	('District of Columbia', 3914, 1563, 246, 209, 1896, 1, 601723),
	('Florida', 26071, 11105, 1730, 2206, 11030, 663, 18791299),
	('Georgia', 10551, 6192, 474, 876, 3009, 458, 7659917),
	('Hawaii', 988, 97, 80, 92, 719, 3, 1207055),
	('Idaho', 213, 61, 26, 25, 101, 102, 1466441),
	('Illinois', 495, 240, 20, 60, 175, 1, 156180),
	('Indiana', 2665, 1122, 199, 311, 1033, 286, 4464937),
	('Iowa', 995, 274, 95, 104, 522, 188, 2719028),
	('Kansas', 1511, 695, 120, 161, 535, 236, 2641509),
	('Kentucky', 3673, 1716, 301, 323, 1333, 330, 4066139),
	('Louisiana', 4067, 2121, 248, 300, 1398, 172, 3916237),
	('Maine', 414, 75, 70, 52, 217, 167, 1328361),
	('Maryland', 6809, 3266, 552, 342, 2649, 153, 4166837),
	('Massachusetts', 6712, 1626, 1298, 880, 2908, 320, 6135892),
	('Michigan', 11238, 5523, 524, 909, 4282, 515, 9294572),
	('Minnesota', 3088, 1011, 234, 399, 1444, 305, 4764748),
	('Mississippi', 2278, 1422, 97, 190, 569, 121, 2040999),
	('Missouri', 6029, 3180, 322, 382, 2145, 578, 5819912),
	('Montana', 122, 20, 16, 41, 45, 96, 839025),
	('Nebraska', 1018, 439, 70, 76, 433, 211, 1669683),
	('Nevada', 4844, 1722, 450, 427, 2245, 40, 2460734),
	('New Hampshire', 427, 94, 50, 71, 212, 150, 1153610),
	('New Jersey', 11720, 3944, 964, 777, 6035, 578, 8713262),
	('New Mexico', 1581, 626, 229, 140, 586, 88, 1873990),
	('New York', 8770, 2540, 1004, 970, 4256, 533, 10706971),
	('North Carolina', 8540, 4419, 551, 769, 2801, 308, 8077998),
	('North Dakota', 89, 12, 5, 10, 62, 87, 633347),
	('Ohio', 15644, 6479, 738, 1491, 6936, 444, 9605351),
	('Oklahoma', 3293, 1503, 268, 262, 1260, 302, 3610830),
	('Oregon', 2237, 580, 236, 213, 1208, 140, 3347382),
	('Pennsylvania', 16194, 6574, 1111, 1022, 7487, 1264, 12290455),
	('Rhode Island', 780, 198, 78, 106, 398, 49, 1052567),
	('South Carolina', 4780, 2656, 313, 388, 1423, 407, 4393517),
	('South Dakota', 147, 18, 24, 27, 78, 107, 696093),
	('Tennessee', 8309, 4682, 598, 711, 2318, 457, 6136858),
	('Texas', 32809, 16280, 2716, 2745, 11068, 1020, 25077044),
	('Utah', 1262, 349, 173, 132, 608, 119, 2705776),
	('Vermont', 54, 13, 14, 7, 20, 67, 524847),
	('Virginia', 5651, 2955, 365, 552, 1779, 354, 7951616),
	('Washington', 5906, 1446, 537, 583, 3340, 254, 6684514),
	('West Virginia', 235, 66, 32, 34, 103, 127, 830296),
	('Wisconsin', 4453, 2344, 215, 428, 1466, 342, 5262535),
	('Wyoming', 76, 25, 10, 8, 33, 65, 559126);


-- ------------------------------------------------


-- 
-- Create Table `2010___TABLE_22`
-- 
CREATE TABLE `2010___TABLE_22` (
	`ID` INTEGER NOT NULL PRIMARY KEY AUTO_INCREMENT,
	`STATE` VARCHAR(50) NOT NULL,
	`TOTAL_AGGRAVATED_ASSAULTS` INTEGER,
	`FIREARMS` INTEGER,
	`KNIVES_OR_CUTTING_INSTRUMENTS` INTEGER,
	`OTHER_WEAPONS` INTEGER,
	`PERSONAL_WEAPONS` INTEGER,
	`AGENCY_COUNT` INTEGER,
	`POPULATION` INTEGER
);


-- 
-- Insert Values into `2010___TABLE_22`
-- 
INSERT INTO `2010___TABLE_22` (`STATE`, `TOTAL_AGGRAVATED_ASSAULTS`, `FIREARMS`, `KNIVES_OR_CUTTING_INSTRUMENTS`, `OTHER_WEAPONS`, `PERSONAL_WEAPONS`, `AGENCY_COUNT`, `POPULATION`) VALUES
	('Alabama', 5700, 1529, 912, 1273, 1986, 303, 2573716),
	('Alaska', 3309, 543, 780, 795, 1191, 35, 694439),
	('Arizona', 15337, 3618, 2604, 4577, 4538, 96, 6084911),
	('Arkansas', 10044, 2548, 1522, 2163, 3811, 199, 2498547),
	('California', 95678, 16937, 15178, 33074, 30489, 729, 37180162),
	('Colorado', 9535, 1936, 2323, 2659, 2617, 171, 4579863),
	('Connecticut', 5703, 792, 1250, 2026, 1635, 99, 3431851),
	('Delaware', 3376, 824, 763, 1400, 389, 53, 897934),
	('District of Columbia', 3238, 606, 944, 1233, 455, 1, 601723),
	('Florida', 69482, 13295, 12385, 25994, 17808, 663, 18791299),
	('Georgia', 20287, 5160, 3580, 5553, 5994, 458, 7659917),
	('Hawaii', 1953, 170, 421, 642, 720, 3, 1207055),
	('Idaho', 2556, 361, 472, 847, 876, 102, 1466441),
	('Illinois', 1646, 805, 219, 311, 311, 1, 156180),
	('Indiana', 5496, 514, 662, 1171, 3149, 286, 4464937),
	('Iowa', 6010, 566, 1143, 1369, 2932, 188, 2719028),
	('Kansas', 7354, 2016, 1545, 2274, 1519, 236, 2641509),
	('Kentucky', 5056, 1060, 869, 1976, 1151, 330, 4066139),
	('Louisiana', 14895, 3501, 2409, 3742, 5243, 172, 3916237),
	('Maine', 794, 48, 157, 235, 354, 167, 1328361),
	('Maryland', 12754, 1761, 2872, 4610, 3511, 153, 4166837),
	('Massachusetts', 20904, 2043, 4770, 10749, 3342, 320, 6135892),
	('Michigan', 30673, 8231, 6005, 10926, 5511, 515, 9294572),
	('Minnesota', 6606, 1058, 1307, 1876, 2365, 305, 4764748),
	('Mississippi', 2910, 888, 521, 781, 720, 121, 2040999),
	('Missouri', 18676, 5368, 2407, 4750, 6151, 578, 5819912),
	('Montana', 1781, 278, 256, 532, 715, 96, 839025),
	('Nebraska', 3230, 531, 505, 1378, 816, 211, 1669683),
	('Nevada', 10336, 1554, 1893, 5192, 1697, 40, 2460734),
	('New Hampshire', 1220, 202, 401, 328, 289, 150, 1153610),
	('New Jersey', 13764, 2101, 3113, 4320, 4230, 578, 8713262),
	('New Mexico', 8578, 1669, 1474, 2779, 2656, 88, 1873990),
	('New York', 16331, 2311, 5182, 4675, 4163, 533, 10706971),
	('North Carolina', 19087, 5677, 3911, 5270, 4229, 308, 8077998),
	('North Dakota', 1134, 21, 105, 228, 780, 87, 633347),
	('Ohio', 14061, 3511, 2687, 4463, 3400, 444, 9605351),
	('Oklahoma', 12194, 2347, 2016, 4416, 3415, 302, 3610830),
	('Oregon', 5499, 614, 1033, 1894, 1958, 140, 3347382),
	('Pennsylvania', 25145, 4984, 3841, 6324, 9996, 1264, 12290455),
	('Rhode Island', 1596, 302, 426, 676, 192, 49, 1052567),
	('South Carolina', 20187, 5274, 3663, 5614, 5636, 407, 4393517),
	('South Dakota', 1098, 144, 378, 353, 223, 107, 696093),
	('Tennessee', 27640, 8231, 6137, 10644, 2628, 457, 6136858),
	('Texas', 71380, 15544, 15836, 25244, 14756, 1020, 25077044),
	('Utah', 3530, 603, 954, 1148, 825, 119, 2705776),
	('Vermont', 439, 49, 84, 72, 234, 67, 524847),
	('Virginia', 9472, 1872, 2189, 3011, 2400, 354, 7951616),
	('Washington', 12248, 1678, 2180, 3824, 4566, 254, 6684514),
	('West Virginia', 1712, 339, 269, 402, 702, 127, 830296),
	('Wisconsin', 7962, 1764, 800, 1564, 3834, 342, 5262535),
	('Wyoming', 847, 79, 156, 263, 349, 65, 559126);


-- ------------------------------------------------


-- 
-- Create Table `2011___TABLE_20`
-- 
CREATE TABLE `2011___TABLE_20` (
	`ID` INTEGER NOT NULL PRIMARY KEY AUTO_INCREMENT,
	`STATE` VARCHAR(50) NOT NULL,
	`TOTAL_MURDERS` INTEGER,
	`TOTAL_FIREARMS` INTEGER,
	`HANDGUNS` INTEGER,
	`RIFLES` INTEGER,
	`SHOTGUNS` INTEGER,
	`FIREARMS_TYPE_UNKNOWN` INTEGER,
	`KNIVES_OR_CUTTING_INSTRUMENTS` INTEGER,
	`OTHER_WEAPONS` INTEGER,
	`HANDS_FISTS_FEET_ETC` INTEGER
);


-- 
-- Insert Values into `2011___TABLE_20`
-- 
INSERT INTO `2011___TABLE_20` (`STATE`, `TOTAL_MURDERS`, `TOTAL_FIREARMS`, `HANDGUNS`, `RIFLES`, `SHOTGUNS`, `FIREARMS_TYPE_UNKNOWN`, `KNIVES_OR_CUTTING_INSTRUMENTS`, `OTHER_WEAPONS`, `HANDS_FISTS_FEET_ETC`) VALUES
	('Alaska', 29, 16, 5, 0, 3, 8, 6, 5, 2),
	('Arizona', 339, 222, 165, 14, 9, 34, 49, 59, 9),
	('Arkansas', 153, 110, 52, 4, 6, 48, 22, 17, 4),
	('California', 1790, 1220, 866, 45, 50, 259, 261, 208, 101),
	('Colorado', 147, 73, 39, 3, 5, 26, 22, 31, 21),
	('Connecticut', 128, 94, 54, 1, 1, 38, 18, 10, 6),
	('Delaware', 41, 28, 18, 0, 3, 7, 8, 2, 3),
	('District of Columbia', 108, 77, 37, 0, 1, 39, 21, 9, 1),
	('Georgia', 522, 370, 326, 16, 16, 12, 61, 83, 8),
	('Hawaii', 7, 1, 0, 1, 0, 0, 2, 1, 3),
	('Idaho', 32, 17, 15, 1, 0, 1, 4, 8, 3),
	('Illinois', 452, 377, 364, 1, 5, 7, 29, 29, 17),
	('Indiana', 284, 183, 115, 9, 12, 47, 36, 43, 22),
	('Iowa', 44, 19, 7, 0, 2, 10, 10, 10, 5),
	('Kansas', 110, 73, 31, 3, 5, 34, 11, 16, 10),
	('Kentucky', 150, 100, 77, 6, 5, 12, 13, 24, 13),
	('Louisiana', 485, 402, 372, 10, 8, 12, 28, 29, 26),
	('Maine', 25, 12, 3, 1, 1, 7, 4, 7, 2),
	('Maryland', 398, 272, 262, 2, 5, 3, 75, 34, 17),
	('Massachusetts', 183, 122, 52, 0, 1, 69, 30, 22, 9),
	('Michigan', 613, 450, 267, 29, 15, 139, 43, 89, 31),
	('Minnesota', 70, 43, 36, 3, 3, 1, 12, 12, 3),
	('Mississippi', 187, 138, 121, 6, 4, 7, 26, 14, 9),
	('Missouri', 364, 276, 158, 13, 9, 96, 28, 42, 18),
	('Montana', 18, 7, 2, 3, 1, 1, 4, 5, 2),
	('Nebraska', 65, 42, 35, 2, 1, 4, 7, 9, 7),
	('Nevada', 129, 75, 46, 2, 1, 26, 20, 25, 9),
	('New Hampshire', 16, 6, 1, 2, 1, 2, 4, 6, 0),
	('New Jersey', 379, 269, 238, 1, 5, 25, 51, 41, 18),
	('New Mexico', 121, 60, 45, 2, 2, 11, 21, 32, 8),
	('New York', 774, 445, 394, 5, 16, 30, 160, 143, 26),
	('North Carolina', 489, 335, 235, 26, 19, 55, 60, 57, 37),
	('North Dakota', 12, 6, 3, 0, 0, 3, 4, 0, 2),
	('Ohio', 488, 344, 187, 8, 13, 136, 44, 80, 20),
	('Oklahoma', 204, 131, 99, 8, 9, 15, 26, 21, 26),
	('Oregon', 77, 40, 13, 1, 2, 24, 22, 10, 5),
	('Pennsylvania', 636, 470, 379, 8, 19, 64, 73, 66, 27),
	('Rhode Island', 14, 5, 1, 0, 0, 4, 5, 4, 0),
	('South Carolina', 319, 223, 126, 10, 12, 75, 38, 40, 18),
	('South Dakota', 15, 5, 3, 1, 0, 1, 4, 3, 3),
	('Tennessee', 373, 244, 172, 7, 13, 52, 51, 62, 16),
	('Texas', 1089, 699, 497, 37, 48, 117, 175, 134, 81),
	('Utah', 51, 26, 15, 4, 1, 6, 5, 9, 11),
	('Vermont', 8, 4, 2, 0, 0, 2, 2, 2, 0),
	('Virginia', 303, 208, 110, 10, 15, 73, 33, 41, 21),
	('Washington', 161, 79, 58, 1, 3, 17, 29, 36, 17),
	('West Virginia', 74, 43, 23, 10, 3, 7, 11, 13, 7),
	('Wisconsin', 135, 80, 60, 7, 3, 10, 21, 13, 21),
	('Wyoming', 15, 11, 7, 0, 0, 4, 0, 1, 3),
	('Virgin Islands', 38, 31, 27, 0, 0, 4, 5, 2, 0);


-- ------------------------------------------------


-- 
-- Create Table `2011___TABLE_21`
-- 
CREATE TABLE `2011___TABLE_21` (
	`ID` INTEGER NOT NULL PRIMARY KEY AUTO_INCREMENT,
	`STATE` VARCHAR(50) NOT NULL,
	`TOTAL_ROBBERIES` INTEGER,
	`FIREARMS` INTEGER,
	`KNIVES_OR_CUTTING_INSTRUMENTS` INTEGER,
	`OTHER_WEAPONS` INTEGER,
	`STRONG_ARM` INTEGER,
	`AGENCY_COUNT` INTEGER,
	`POPULATION` INTEGER
);


-- 
-- Insert Values into `2011___TABLE_21`
-- 
INSERT INTO `2011___TABLE_21` (`STATE`, `TOTAL_ROBBERIES`, `FIREARMS`, `KNIVES_OR_CUTTING_INSTRUMENTS`, `OTHER_WEAPONS`, `STRONG_ARM`, `AGENCY_COUNT`, `POPULATION`) VALUES
	('Alabama', 3106, 1781, 161, 317, 847, 300, 3967912),
	('Alaska', 573, 130, 45, 43, 355, 33, 714559),
	('Arizona', 7057, 3156, 671, 657, 2573, 106, 6281875),
	('Arkansas', 2210, 1138, 108, 195, 769, 212, 2504030),
	('California', 54227, 16146, 4787, 4865, 28429, 733, 37571959),
	('Colorado', 3229, 1248, 299, 400, 1282, 194, 4848878),
	('Connecticut', 3588, 1211, 361, 290, 1726, 102, 3474899),
	('Delaware', 1538, 632, 120, 140, 646, 55, 907135),
	('District of Columbia', 4093, 1499, 235, 183, 2176, 2, 617996),
	('Florida', 25615, 10769, 1575, 2282, 10989, 678, 19052717),
	('Georgia', 11897, 6819, 478, 1137, 3463, 483, 9408130),
	('Idaho', 152, 51, 24, 17, 60, 104, 1493662),
	('Illinois', 566, 291, 48, 44, 183, 1, 153331),
	('Indiana', 6372, 2953, 390, 560, 2469, 298, 5557234),
	('Iowa', 802, 196, 87, 105, 414, 184, 2682969),
	('Kansas', 1421, 652, 133, 128, 508, 256, 2622476),
	('Kentucky', 3653, 1688, 311, 383, 1271, 362, 4244419),
	('Louisiana', 4841, 2512, 207, 362, 1760, 151, 3957239),
	('Maine', 369, 77, 72, 44, 176, 168, 1328188),
	('Maryland', 10324, 4611, 965, 586, 4162, 155, 5784364),
	('Massachusetts', 6564, 1680, 1329, 786, 2769, 315, 6034456),
	('Michigan', 9867, 4972, 459, 750, 3686, 516, 8886852),
	('Minnesota', 3363, 1051, 238, 480, 1594, 311, 5226982),
	('Mississippi', 1892, 1111, 89, 190, 502, 108, 1849412),
	('Missouri', 6243, 3122, 319, 441, 2361, 602, 5950416),
	('Montana', 151, 35, 17, 20, 79, 101, 926672),
	('Nebraska', 988, 427, 86, 65, 410, 215, 1678460),
	('Nevada', 4252, 1703, 379, 322, 1848, 42, 2440815),
	('New Hampshire', 450, 111, 57, 64, 218, 140, 1129726),
	('New Jersey', 12118, 4368, 937, 769, 6044, 573, 8759125),
	('New Mexico', 1707, 703, 225, 151, 628, 101, 2011134),
	('New York', 8496, 2516, 826, 939, 4215, 532, 10807465),
	('North Carolina', 8443, 4221, 591, 760, 2871, 369, 8664157),
	('North Dakota', 90, 31, 10, 9, 40, 82, 646511),
	('Ohio', 14937, 6358, 748, 1324, 6507, 464, 9714166),
	('Oklahoma', 3253, 1540, 264, 249, 1200, 331, 3597339),
	('Oregon', 2206, 557, 245, 205, 1199, 161, 3823231),
	('Pennsylvania', 15473, 6483, 1117, 947, 6926, 1196, 11853574),
	('Rhode Island', 326, 111, 49, 33, 133, 48, 873472),
	('South Carolina', 4031, 2182, 258, 371, 1220, 249, 4122555),
	('South Dakota', 162, 36, 20, 24, 82, 122, 732933),
	('Tennessee', 7975, 4532, 477, 637, 2329, 448, 6218332),
	('Texas', 26247, 12058, 2306, 2356, 9527, 1024, 24016516),
	('Utah', 1059, 295, 135, 107, 522, 122, 2687404),
	('Vermont', 68, 23, 6, 9, 30, 65, 531937),
	('Virginia', 5417, 2856, 371, 521, 1669, 323, 8066841),
	('Washington', 5409, 1310, 507, 491, 3101, 248, 6322393),
	('West Virginia', 685, 241, 81, 68, 295, 247, 1498772),
	('Wisconsin', 4443, 2393, 212, 387, 1451, 366, 5456018),
	('Wyoming', 71, 20, 8, 7, 36, 62, 548033);


-- ------------------------------------------------


-- 
-- Create Table `2011___TABLE_22`
-- 
CREATE TABLE `2011___TABLE_22` (
	`ID` INTEGER NOT NULL PRIMARY KEY AUTO_INCREMENT,
	`STATE` VARCHAR(50) NOT NULL,
	`TOTAL_AGGRAVATED_ASSAULTS` INTEGER,
	`FIREARMS` INTEGER,
	`KNIVES_OR_CUTTING_INSTRUMENTS` INTEGER,
	`OTHER_WEAPONS` INTEGER,
	`PERSONAL_WEAPONS` INTEGER,
	`AGENCY_COUNT` INTEGER,
	`POPULATION` INTEGER
);


-- 
-- Insert Values into `2011___TABLE_22`
-- 
INSERT INTO `2011___TABLE_22` (`STATE`, `TOTAL_AGGRAVATED_ASSAULTS`, `FIREARMS`, `KNIVES_OR_CUTTING_INSTRUMENTS`, `OTHER_WEAPONS`, `PERSONAL_WEAPONS`, `AGENCY_COUNT`, `POPULATION`) VALUES
	('Alabama', 10046, 1607, 1545, 4606, 2288, 300, 3967912),
	('Alaska', 3322, 575, 600, 867, 1280, 33, 714559),
	('Arizona', 15247, 3603, 2619, 4553, 4472, 106, 6281875),
	('Arkansas', 9398, 2518, 1498, 1967, 3415, 212, 2504030),
	('California', 91035, 17055, 14818, 30474, 28688, 733, 37571959),
	('Colorado', 10277, 2217, 2254, 3165, 2641, 194, 4848878),
	('Connecticut', 5106, 697, 1091, 1891, 1427, 102, 3474899),
	('Delaware', 3207, 738, 752, 1347, 370, 55, 907135),
	('District of Columbia', 3055, 542, 967, 1008, 538, 2, 617996),
	('Florida', 66299, 13153, 11635, 24590, 16921, 678, 19052717),
	('Georgia', 20935, 5517, 3797, 6046, 5575, 483, 9408130),
	('Idaho', 2204, 350, 402, 770, 682, 104, 1493662),
	('Illinois', 1407, 677, 206, 271, 253, 1, 153331),
	('Indiana', 11666, 1662, 1503, 3267, 5234, 298, 5557234),
	('Iowa', 5702, 589, 990, 1286, 2837, 184, 2682969),
	('Kansas', 7039, 2016, 1570, 2075, 1378, 256, 2622476),
	('Kentucky', 5031, 1067, 876, 1905, 1183, 362, 4244419),
	('Louisiana', 15386, 3938, 2553, 4696, 4199, 151, 3957239),
	('Maine', 848, 60, 177, 281, 330, 168, 1328188),
	('Maryland', 16780, 2382, 4424, 6392, 3582, 155, 5784364),
	('Massachusetts', 18587, 2003, 4494, 9104, 2986, 315, 6034456),
	('Michigan', 26541, 7679, 5477, 9380, 4005, 516, 8886852),
	('Minnesota', 6375, 1177, 1158, 1656, 2384, 311, 5226982),
	('Mississippi', 3048, 956, 415, 738, 939, 108, 1849412),
	('Missouri', 18526, 5290, 2492, 4896, 5848, 602, 5950416),
	('Montana', 1915, 269, 258, 596, 792, 101, 926672),
	('Nebraska', 2814, 568, 485, 892, 869, 215, 1678460),
	('Nevada', 8634, 1301, 1671, 4020, 1642, 42, 2440815),
	('New Hampshire', 1435, 171, 409, 330, 525, 140, 1129726),
	('New Jersey', 13442, 2360, 2983, 4035, 4064, 573, 8759125),
	('New Mexico', 8813, 1755, 1632, 2582, 2844, 101, 2011134),
	('New York', 15345, 2168, 4908, 4226, 4043, 532, 10807465),
	('North Carolina', 19578, 5843, 3956, 5244, 4535, 369, 8664157),
	('North Dakota', 1261, 31, 132, 247, 851, 82, 646511),
	('Ohio', 13679, 3688, 2464, 4702, 2825, 464, 9714166),
	('Oklahoma', 12086, 2089, 1941, 4270, 3786, 331, 3597339),
	('Oregon', 5842, 671, 1120, 1926, 2125, 161, 3823231),
	('Pennsylvania', 23575, 4675, 3696, 5690, 9514, 1196, 11853574),
	('Rhode Island', 869, 156, 263, 327, 123, 48, 873472),
	('South Carolina', 17260, 5272, 3214, 4837, 3937, 249, 4122555),
	('South Dakota', 1282, 151, 467, 306, 358, 122, 732933),
	('Tennessee', 27818, 8555, 5696, 10600, 2967, 448, 6218332),
	('Texas', 63330, 13998, 14296, 21559, 13477, 1024, 24016516),
	('Utah', 3367, 573, 876, 1145, 773, 122, 2687404),
	('Vermont', 502, 67, 100, 92, 243, 65, 531937),
	('Virginia', 8605, 1722, 2015, 2865, 2003, 323, 8066841),
	('Washington', 11496, 1798, 2043, 3553, 4102, 248, 6322393),
	('West Virginia', 3577, 780, 500, 1001, 1296, 247, 1498772),
	('Wisconsin', 7613, 1495, 751, 1523, 3844, 366, 5456018),
	('Wyoming', 964, 112, 191, 261, 400, 62, 548033);


-- ------------------------------------------------


-- 
-- Create Table `2012___TABLE_20`
-- 
CREATE TABLE `2012___TABLE_20` (
	`ID` INTEGER NOT NULL PRIMARY KEY AUTO_INCREMENT,
	`STATE` VARCHAR(50) NOT NULL,
	`TOTAL_MURDERS` INTEGER,
	`TOTAL_FIREARMS` INTEGER,
	`HANDGUNS` INTEGER,
	`RIFLES` INTEGER,
	`SHOTGUNS` INTEGER,
	`FIREARMS_TYPE_UNKNOWN` INTEGER,
	`KNIVES_OR_CUTTING_INSTRUMENTS` INTEGER,
	`OTHER_WEAPONS` INTEGER,
	`HANDS_FISTS_FEET_ETC` INTEGER
);


-- 
-- Insert Values into `2012___TABLE_20`
-- 
INSERT INTO `2012___TABLE_20` (`STATE`, `TOTAL_MURDERS`, `TOTAL_FIREARMS`, `HANDGUNS`, `RIFLES`, `SHOTGUNS`, `FIREARMS_TYPE_UNKNOWN`, `KNIVES_OR_CUTTING_INSTRUMENTS`, `OTHER_WEAPONS`, `HANDS_FISTS_FEET_ETC`) VALUES
	('Alabama', 2, 1, 1, 0, 0, 0, 0, 1, 0),
	('Alaska', 29, 11, 1, 0, 0, 10, 9, 7, 2),
	('Arizona', 321, 211, 157, 12, 9, 33, 40, 58, 12),
	('Arkansas', 166, 108, 55, 4, 6, 43, 28, 25, 5),
	('California', 1879, 1304, 899, 38, 52, 315, 261, 227, 87),
	('Colorado', 160, 92, 61, 3, 5, 23, 29, 22, 17),
	('Connecticut', 146, 112, 50, 27, 1, 34, 17, 14, 3),
	('Delaware', 57, 41, 25, 1, 2, 13, 5, 8, 3),
	('Georgia', 541, 390, 344, 10, 12, 24, 57, 85, 9),
	('Hawaii', 13, 3, 3, 0, 0, 0, 2, 4, 4),
	('Idaho', 26, 17, 12, 1, 2, 2, 3, 4, 2),
	('Illinois', 509, 439, 429, 4, 2, 4, 39, 19, 12),
	('Indiana', 275, 205, 128, 9, 7, 61, 20, 37, 13),
	('Iowa', 44, 25, 13, 3, 1, 8, 1, 12, 6),
	('Kansas', 84, 50, 36, 1, 1, 12, 12, 13, 9),
	('Kentucky', 192, 122, 101, 4, 8, 9, 28, 29, 13),
	('Louisiana', 455, 370, 341, 9, 8, 12, 35, 27, 23),
	('Maine', 25, 14, 6, 1, 0, 7, 7, 1, 3),
	('Maryland', 365, 277, 265, 5, 2, 5, 45, 28, 15),
	('Massachusetts', 121, 70, 32, 0, 1, 37, 33, 12, 6),
	('Michigan', 682, 536, 309, 36, 19, 172, 48, 61, 37),
	('Minnesota', 89, 41, 37, 2, 2, 0, 21, 16, 11),
	('Mississippi', 174, 132, 99, 7, 5, 21, 13, 21, 8),
	('Missouri', 389, 283, 153, 8, 8, 114, 29, 64, 13),
	('Montana', 22, 11, 8, 2, 0, 1, 6, 3, 2),
	('Nebraska', 52, 42, 37, 2, 1, 2, 5, 4, 1),
	('Nevada', 116, 70, 41, 1, 2, 26, 17, 23, 6),
	('New Hampshire', 14, 9, 4, 0, 0, 5, 3, 2, 0),
	('New Jersey', 385, 273, 237, 6, 3, 27, 63, 32, 17),
	('New Mexico', 109, 67, 42, 5, 5, 15, 14, 21, 7),
	('New York', 682, 407, 358, 11, 6, 32, 126, 126, 23),
	('North Carolina', 470, 309, 208, 12, 30, 59, 43, 77, 41),
	('North Dakota', 16, 4, 1, 0, 1, 2, 2, 8, 2),
	('Ohio', 410, 278, 176, 5, 8, 89, 34, 74, 24),
	('Oklahoma', 212, 149, 121, 10, 10, 8, 24, 18, 21),
	('Oregon', 81, 42, 11, 2, 3, 26, 17, 20, 2),
	('Pennsylvania', 684, 522, 412, 9, 10, 91, 68, 74, 20),
	('Rhode Island', 34, 19, 7, 0, 0, 12, 5, 6, 4),
	('South Carolina', 324, 237, 134, 9, 13, 81, 31, 45, 11),
	('South Dakota', 14, 4, 2, 1, 1, 0, 1, 4, 5),
	('Tennessee', 387, 254, 183, 7, 6, 58, 37, 73, 23),
	('Texas', 1141, 745, 493, 28, 41, 183, 173, 122, 101),
	('Utah', 49, 29, 22, 2, 1, 4, 10, 6, 4),
	('Vermont', 8, 2, 2, 0, 0, 0, 2, 3, 1),
	('Virginia', 314, 220, 103, 9, 2, 106, 37, 38, 19),
	('Washington', 194, 106, 71, 4, 3, 28, 43, 33, 12),
	('West Virginia', 66, 47, 26, 5, 2, 14, 7, 7, 5),
	('Wisconsin', 169, 108, 85, 5, 1, 17, 30, 21, 10),
	('Wyoming', 14, 5, 2, 0, 0, 3, 3, 2, 4),
	('Guam', 2, 0, 0, 0, 0, 0, 0, 2, 0),
	('Virgin Islands', 52, 42, 28, 2, 1, 11, 6, 4, 0);


-- ------------------------------------------------


-- 
-- Create Table `2012___TABLE_21`
-- 
CREATE TABLE `2012___TABLE_21` (
	`ID` INTEGER NOT NULL PRIMARY KEY AUTO_INCREMENT,
	`STATE` VARCHAR(50) NOT NULL,
	`TOTAL_ROBBERIES` INTEGER,
	`FIREARMS` INTEGER,
	`KNIVES_OR_CUTTING_INSTRUMENTS` INTEGER,
	`OTHER_WEAPONS` INTEGER,
	`STRONG_ARM` INTEGER,
	`AGENCY_COUNT` INTEGER,
	`POPULATION` INTEGER
);


-- 
-- Insert Values into `2012___TABLE_21`
-- 
INSERT INTO `2012___TABLE_21` (`STATE`, `TOTAL_ROBBERIES`, `FIREARMS`, `KNIVES_OR_CUTTING_INSTRUMENTS`, `OTHER_WEAPONS`, `STRONG_ARM`, `AGENCY_COUNT`, `POPULATION`) VALUES
	('Alabama', 2971, 1630, 154, 354, 833, 267, 3747888),
	('Alaska', 628, 125, 69, 56, 378, 33, 726997),
	('Arizona', 7247, 3055, 759, 750, 2683, 105, 5923115),
	('Arkansas', 2183, 1072, 117, 184, 810, 200, 2371483),
	('California', 55901, 16940, 4879, 5223, 28859, 724, 37664003),
	('Colorado', 3307, 1344, 294, 367, 1302, 206, 4786721),
	('Connecticut', 3687, 1261, 359, 285, 1782, 104, 3590347),
	('Delaware', 1492, 678, 110, 122, 582, 52, 916825),
	('District of Columbia', 4036, 1658, 336, 176, 1866, 2, 632323),
	('Florida', 23853, 9909, 1454, 2064, 10426, 618, 19290951),
	('Georgia', 11773, 6795, 468, 1108, 3402, 506, 8825893),
	('Hawaii', 115, 20, 11, 15, 69, 1, 158760),
	('Idaho', 240, 72, 35, 36, 97, 103, 1568760),
	('Illinois', 499, 211, 45, 40, 203, 1, 152293),
	('Indiana', 6211, 2976, 348, 546, 2341, 216, 5058554),
	('Iowa', 921, 277, 100, 114, 430, 187, 2634244),
	('Kansas', 1456, 682, 121, 117, 536, 240, 2639179),
	('Kentucky', 3341, 1507, 301, 314, 1219, 365, 4213291),
	('Louisiana', 3736, 1728, 147, 316, 1545, 153, 3122133),
	('Maine', 423, 92, 53, 52, 226, 183, 1329192),
	('Maryland', 9689, 4206, 898, 567, 4018, 153, 5374159),
	('Massachusetts', 6404, 1673, 1200, 723, 2808, 308, 6252640),
	('Michigan', 10197, 5068, 483, 804, 3842, 539, 9240757),
	('Minnesota', 3382, 987, 224, 510, 1661, 317, 5225091),
	('Mississippi', 1731, 1065, 70, 185, 411, 102, 1669496),
	('Missouri', 5770, 2731, 336, 419, 2284, 601, 5946698),
	('Montana', 189, 59, 18, 26, 86, 104, 981401),
	('Nebraska', 1122, 540, 82, 85, 415, 216, 1698322),
	('Nevada', 4915, 1690, 431, 486, 2308, 46, 2750068),
	('New Hampshire', 454, 104, 65, 50, 235, 148, 1167974),
	('New Jersey', 10850, 3873, 897, 658, 5422, 553, 8473818),
	('New Mexico', 1761, 727, 256, 134, 644, 84, 1806790),
	('New York', 8292, 2450, 908, 963, 3971, 488, 10783597),
	('North Carolina', 9177, 4718, 661, 740, 3058, 373, 9433770),
	('North Dakota', 124, 27, 17, 17, 63, 93, 685149),
	('Ohio', 11451, 4597, 526, 1036, 5292, 459, 8690062),
	('Oklahoma', 3216, 1407, 275, 241, 1293, 334, 3659108),
	('Oregon', 1368, 275, 141, 148, 804, 146, 3083727),
	('Pennsylvania', 15395, 6416, 1069, 970, 6940, 1216, 12324409),
	('Rhode Island', 712, 230, 101, 82, 299, 48, 1044186),
	('South Carolina', 3635, 1924, 231, 296, 1184, 306, 4112716),
	('South Dakota', 152, 36, 15, 26, 75, 121, 753107),
	('Tennessee', 7594, 4095, 437, 687, 2375, 446, 6030333),
	('Texas', 30092, 14697, 2428, 2528, 10439, 995, 25503316),
	('Utah', 1064, 273, 139, 128, 524, 129, 2829066),
	('Vermont', 92, 27, 15, 11, 39, 76, 557989),
	('Virginia', 4653, 2532, 317, 416, 1388, 410, 8076619),
	('Washington', 5631, 1273, 474, 643, 3241, 237, 6491889),
	('West Virginia', 460, 168, 66, 65, 161, 248, 1142404),
	('Wisconsin', 4559, 2258, 220, 382, 1699, 364, 5378896),
	('Wyoming', 60, 16, 7, 5, 32, 59, 550101);


-- ------------------------------------------------


-- 
-- Create Table `2012___TABLE_22`
-- 
CREATE TABLE `2012___TABLE_22` (
	`ID` INTEGER NOT NULL PRIMARY KEY AUTO_INCREMENT,
	`STATE` VARCHAR(50) NOT NULL,
	`TOTAL_AGGRAVATED_ASSAULTS` INTEGER,
	`FIREARMS` INTEGER,
	`KNIVES_OR_CUTTING_INSTRUMENTS` INTEGER,
	`OTHER_WEAPONS` INTEGER,
	`PERSONAL_WEAPONS` INTEGER,
	`AGENCY_COUNT` INTEGER,
	`POPULATION` INTEGER
);


-- 
-- Insert Values into `2012___TABLE_22`
-- 
INSERT INTO `2012___TABLE_22` (`STATE`, `TOTAL_AGGRAVATED_ASSAULTS`, `FIREARMS`, `KNIVES_OR_CUTTING_INSTRUMENTS`, `OTHER_WEAPONS`, `PERSONAL_WEAPONS`, `AGENCY_COUNT`, `POPULATION`) VALUES
	('Alabama', 11142, 1610, 1679, 5509, 2344, 267, 3747888),
	('Alaska', 3119, 549, 597, 774, 1199, 33, 726997),
	('Arizona', 16532, 4010, 2883, 4834, 4805, 105, 5923115),
	('Arkansas', 8886, 2541, 1238, 1746, 3361, 200, 2371483),
	('California', 93356, 17680, 15011, 31294, 29371, 724, 37664003),
	('Colorado', 9731, 2428, 2431, 2445, 2427, 206, 4786721),
	('Connecticut', 5408, 711, 1169, 1979, 1549, 104, 3590347),
	('Delaware', 3226, 859, 775, 1266, 326, 52, 916825),
	('District of Columbia', 3504, 659, 1072, 1110, 663, 2, 632323),
	('Florida', 63845, 13486, 11360, 23167, 15832, 618, 19290951),
	('Georgia', 20425, 5856, 3624, 5667, 5278, 506, 8825893),
	('Hawaii', 247, 0, 18, 117, 112, 1, 158760),
	('Idaho', 2490, 398, 457, 829, 806, 103, 1568760),
	('Illinois', 1451, 728, 171, 260, 292, 1, 152293),
	('Indiana', 11913, 2103, 1557, 3353, 4900, 216, 5058554),
	('Iowa', 5554, 649, 887, 1209, 2809, 187, 2634244),
	('Kansas', 7195, 2046, 1595, 2152, 1402, 240, 2639179),
	('Kentucky', 4625, 1021, 781, 1614, 1209, 365, 4213291),
	('Louisiana', 12078, 2737, 1781, 3978, 3582, 153, 3122133),
	('Maine', 811, 73, 166, 227, 345, 183, 1329192),
	('Maryland', 14795, 2135, 3995, 5508, 3157, 153, 5374159),
	('Massachusetts', 18001, 2010, 4433, 8580, 2978, 308, 6252640),
	('Michigan', 27944, 8407, 5601, 9890, 4046, 539, 9240757),
	('Minnesota', 6549, 1161, 1199, 1677, 2512, 317, 5225091),
	('Mississippi', 2842, 764, 382, 742, 954, 102, 1669496),
	('Missouri', 19322, 5346, 2537, 5229, 6210, 601, 5946698),
	('Montana', 2089, 280, 268, 706, 835, 104, 981401),
	('Nebraska', 2836, 632, 514, 929, 761, 216, 1698322),
	('Nevada', 10699, 1600, 2114, 4714, 2271, 46, 2750068),
	('New Hampshire', 1386, 177, 406, 313, 490, 148, 1167974),
	('New Jersey', 12215, 2329, 2663, 3660, 3563, 553, 8473818),
	('New Mexico', 7652, 1582, 1323, 2308, 2439, 84, 1806790),
	('New York', 15804, 2257, 5091, 4358, 4098, 488, 10783597),
	('North Carolina', 21980, 7186, 4209, 5540, 5045, 373, 9433770),
	('North Dakota', 1123, 20, 123, 221, 759, 93, 685149),
	('Ohio', 12565, 3101, 2164, 4585, 2715, 459, 8690062),
	('Oklahoma', 12595, 2202, 2025, 4418, 3950, 334, 3659108),
	('Oregon', 3750, 431, 690, 1134, 1495, 146, 3083727),
	('Pennsylvania', 24012, 4817, 3664, 5759, 9772, 1216, 12324409),
	('Rhode Island', 1616, 378, 426, 539, 273, 48, 1044186),
	('South Carolina', 16939, 5069, 3025, 4455, 4390, 306, 4112716),
	('South Dakota', 1793, 252, 459, 482, 600, 121, 753107),
	('Tennessee', 29160, 8635, 5531, 10941, 4053, 446, 6030333),
	('Texas', 66032, 15227, 14761, 22317, 13727, 995, 25503316),
	('Utah', 3681, 556, 1047, 1250, 828, 129, 2829066),
	('Vermont', 561, 61, 110, 109, 281, 76, 557989),
	('Virginia', 8877, 1887, 1910, 2957, 2123, 410, 8076619),
	('Washington', 11792, 1850, 1903, 4145, 3894, 237, 6491889),
	('West Virginia', 2808, 578, 422, 828, 980, 248, 1142404),
	('Wisconsin', 9696, 1953, 1304, 2393, 4046, 364, 5378896),
	('Wyoming', 893, 92, 150, 267, 384, 59, 550101);


-- ------------------------------------------------


-- 
-- Create Table `2013___TABLE_20`
-- 
CREATE TABLE `2013___TABLE_20` (
	`ID` INTEGER NOT NULL PRIMARY KEY AUTO_INCREMENT,
	`STATE` VARCHAR(50) NOT NULL,
	`TOTAL_MURDERS` INTEGER,
	`TOTAL_FIREARMS` INTEGER,
	`HANDGUNS` INTEGER,
	`RIFLES` INTEGER,
	`SHOTGUNS` INTEGER,
	`FIREARMS_TYPE_UNKNOWN` INTEGER,
	`KNIVES_OR_CUTTING_INSTRUMENTS` INTEGER,
	`OTHER_WEAPONS` INTEGER,
	`HANDS_FISTS_FEET_ETC` INTEGER
);


-- 
-- Insert Values into `2013___TABLE_20`
-- 
INSERT INTO `2013___TABLE_20` (`STATE`, `TOTAL_MURDERS`, `TOTAL_FIREARMS`, `HANDGUNS`, `RIFLES`, `SHOTGUNS`, `FIREARMS_TYPE_UNKNOWN`, `KNIVES_OR_CUTTING_INSTRUMENTS`, `OTHER_WEAPONS`, `HANDS_FISTS_FEET_ETC`) VALUES
	('Alabama', 2, 1, 1, 0, 0, 0, 1, 0, 0),
	('Alaska', 34, 12, 5, 3, 1, 3, 5, 13, 4),
	('Arizona', 304, 184, 133, 11, 11, 29, 56, 55, 9),
	('Arkansas', 154, 110, 53, 5, 5, 47, 22, 17, 5),
	('California', 1745, 1224, 805, 29, 48, 342, 238, 191, 92),
	('Colorado', 174, 88, 46, 5, 3, 34, 34, 39, 13),
	('Connecticut', 86, 60, 34, 0, 0, 26, 12, 5, 9),
	('Delaware', 39, 33, 22, 1, 0, 10, 4, 2, 0),
	('District of Columbia', 103, 81, 30, 1, 1, 49, 12, 5, 5),
	('Georgia', 534, 411, 348, 11, 10, 42, 40, 74, 9),
	('Hawaii', 9, 6, 1, 2, 2, 1, 2, 1, 0),
	('Idaho', 26, 15, 10, 1, 0, 4, 2, 5, 4),
	('Illinois', 433, 364, 352, 3, 2, 7, 41, 19, 9),
	('Indiana', 311, 238, 149, 6, 7, 76, 19, 41, 13),
	('Iowa', 42, 18, 8, 1, 1, 8, 13, 6, 5),
	('Kansas', 112, 78, 39, 9, 5, 25, 8, 16, 10),
	('Kentucky', 165, 111, 82, 10, 6, 13, 23, 22, 9),
	('Louisiana', 453, 356, 298, 8, 9, 41, 34, 40, 23),
	('Maine', 24, 12, 3, 2, 1, 6, 5, 2, 5),
	('Maryland', 379, 268, 263, 0, 4, 1, 57, 29, 25),
	('Massachusetts', 135, 78, 35, 2, 0, 41, 25, 25, 7),
	('Michigan', 625, 440, 203, 16, 23, 198, 43, 106, 36),
	('Minnesota', 110, 60, 53, 0, 4, 3, 17, 24, 9),
	('Mississippi', 142, 110, 80, 3, 8, 19, 9, 14, 9),
	('Missouri', 371, 273, 137, 14, 6, 116, 41, 45, 12),
	('Montana', 15, 9, 5, 0, 1, 3, 3, 2, 1),
	('Nebraska', 57, 39, 11, 2, 0, 26, 8, 7, 3),
	('Nevada', 157, 87, 26, 0, 3, 58, 24, 36, 10),
	('New Hampshire', 21, 5, 3, 0, 0, 2, 6, 5, 5),
	('New Jersey', 401, 291, 229, 0, 2, 60, 53, 37, 20),
	('New Mexico', 106, 59, 46, 5, 2, 6, 19, 20, 8),
	('New York', 648, 362, 290, 4, 19, 49, 136, 113, 37),
	('North Carolina', 452, 315, 204, 27, 8, 76, 50, 55, 32),
	('North Dakota', 11, 4, 0, 2, 0, 2, 4, 3, 0),
	('Ohio', 434, 309, 208, 3, 4, 94, 37, 69, 19),
	('Oklahoma', 191, 127, 108, 6, 8, 5, 24, 24, 16),
	('Oregon', 78, 43, 15, 0, 4, 24, 12, 18, 5),
	('Pennsylvania', 594, 440, 328, 20, 22, 70, 52, 74, 28),
	('Rhode Island', 31, 18, 3, 0, 1, 14, 5, 6, 2),
	('South Carolina', 296, 224, 126, 9, 13, 76, 20, 33, 19),
	('South Dakota', 12, 3, 0, 0, 1, 2, 1, 4, 4),
	('Tennessee', 327, 223, 152, 11, 9, 51, 18, 67, 19),
	('Texas', 1133, 760, 530, 34, 30, 166, 164, 129, 80),
	('Utah', 49, 31, 25, 2, 1, 3, 6, 7, 5),
	('Vermont', 9, 5, 1, 2, 1, 1, 0, 1, 3),
	('Virginia', 315, 225, 126, 3, 6, 90, 30, 40, 20),
	('Washington', 155, 86, 47, 0, 7, 32, 29, 27, 13),
	('West Virginia', 54, 30, 17, 3, 3, 7, 2, 20, 2),
	('Wisconsin', 157, 103, 72, 6, 6, 19, 18, 24, 12),
	('Wyoming', 15, 9, 6, 3, 0, 0, 2, 4, 0),
	('Guam', 9, 2, 1, 0, 0, 1, 4, 1, 2),
	('Virgin Islands', 14, 14, 13, 0, 0, 1, 0, 0, 0);


-- ------------------------------------------------


-- 
-- Create Table `2013___TABLE_21`
-- 
CREATE TABLE `2013___TABLE_21` (
	`ID` INTEGER NOT NULL PRIMARY KEY AUTO_INCREMENT,
	`STATE` VARCHAR(50) NOT NULL,
	`TOTAL_ROBBERIES` INTEGER,
	`FIREARMS` INTEGER,
	`KNIVES_OR_CUTTING_INSTRUMENTS` INTEGER,
	`OTHER_WEAPONS` INTEGER,
	`STRONG_ARM` INTEGER,
	`AGENCY_COUNT` INTEGER,
	`POPULATION` INTEGER
);


-- 
-- Insert Values into `2013___TABLE_21`
-- 
INSERT INTO `2013___TABLE_21` (`STATE`, `TOTAL_ROBBERIES`, `FIREARMS`, `KNIVES_OR_CUTTING_INSTRUMENTS`, `OTHER_WEAPONS`, `STRONG_ARM`, `AGENCY_COUNT`, `POPULATION`) VALUES
	('Alabama', 4012, 2494, 185, 388, 945, 259, 3913139),
	('Alaska', 623, 139, 55, 58, 371, 32, 730730),
	('Arizona', 6544, 2535, 659, 722, 2628, 107, 6368698),
	('Arkansas', 1996, 1030, 124, 150, 692, 222, 2616509),
	('California', 53632, 16282, 4641, 5091, 27618, 736, 38324460),
	('Colorado', 3088, 1162, 278, 373, 1275, 203, 5038948),
	('Connecticut', 3530, 1148, 351, 271, 1760, 104, 3596080),
	('Delaware', 1226, 513, 105, 97, 511, 45, 922919),
	('District of Columbia', 4078, 1545, 304, 243, 1986, 2, 646449),
	('Florida', 23064, 9371, 1392, 2073, 10228, 613, 19325547),
	('Georgia', 11862, 6998, 423, 1191, 3250, 442, 8945359),
	('Hawaii', 97, 10, 5, 22, 60, 1, 159652),
	('Idaho', 214, 55, 34, 32, 93, 107, 1606277),
	('Illinois', 394, 194, 24, 33, 143, 1, 150209),
	('Indiana', 6624, 3353, 368, 564, 2339, 252, 4870182),
	('Iowa', 864, 261, 74, 111, 418, 197, 2712559),
	('Kansas', 1309, 610, 98, 125, 476, 240, 2633420),
	('Kentucky', 3220, 1463, 221, 294, 1242, 371, 4318520),
	('Louisiana', 5392, 2736, 211, 409, 2036, 190, 4401455),
	('Maine', 335, 75, 40, 39, 181, 183, 1328302),
	('Maryland', 8000, 3316, 785, 475, 3424, 152, 4589319),
	('Massachusetts', 6608, 1779, 1193, 749, 2887, 326, 6459273),
	('Michigan', 9917, 4729, 495, 783, 3910, 540, 9184659),
	('Minnesota', 3674, 1122, 252, 502, 1798, 331, 5419634),
	('Mississippi', 1665, 1089, 70, 135, 371, 67, 1420332),
	('Missouri', 5480, 2642, 315, 423, 2100, 602, 6000253),
	('Montana', 199, 67, 13, 30, 89, 95, 926356),
	('Nebraska', 1026, 466, 72, 74, 414, 204, 1654880),
	('Nevada', 5170, 1846, 448, 542, 2334, 49, 2742647),
	('New Hampshire', 625, 162, 104, 76, 283, 148, 1174048),
	('New Jersey', 11956, 4565, 858, 680, 5853, 543, 8517242),
	('New Mexico', 1483, 630, 216, 122, 515, 71, 1425916),
	('New York', 27127, 6451, 2330, 2306, 16040, 483, 19154951),
	('North Carolina', 7696, 3912, 578, 661, 2545, 312, 7971054),
	('North Dakota', 156, 44, 29, 19, 64, 100, 714526),
	('Ohio', 10879, 4293, 513, 1026, 5047, 438, 8343740),
	('Oklahoma', 2996, 1303, 250, 234, 1209, 344, 3696802),
	('Oregon', 2125, 411, 245, 225, 1244, 181, 3383136),
	('Pennsylvania', 14019, 5726, 956, 906, 6431, 1210, 11828225),
	('Rhode Island', 684, 225, 89, 95, 275, 49, 1051511),
	('South Carolina', 3893, 2101, 244, 320, 1228, 259, 4566990),
	('South Dakota', 155, 36, 23, 34, 62, 119, 763020),
	('Tennessee', 7248, 3945, 417, 784, 2102, 449, 6292929),
	('Texas', 31504, 15804, 2433, 2542, 10725, 946, 25752157),
	('Utah', 1165, 318, 147, 151, 549, 123, 2615082),
	('Vermont', 48, 16, 8, 6, 18, 60, 448429),
	('Virginia', 4134, 2225, 249, 378, 1282, 351, 7051789),
	('Washington', 5600, 1190, 471, 668, 3271, 239, 6460793),
	('West Virginia', 240, 93, 28, 43, 76, 241, 1108044),
	('Wisconsin', 4811, 2377, 222, 427, 1785, 386, 5588661),
	('Wyoming', 74, 28, 7, 9, 30, 61, 562339);


-- ------------------------------------------------


-- 
-- Create Table `2013___TABLE_22`
-- 
CREATE TABLE `2013___TABLE_22` (
	`ID` INTEGER NOT NULL PRIMARY KEY AUTO_INCREMENT,
	`STATE` VARCHAR(50) NOT NULL,
	`TOTAL_AGGRAVATED_ASSAULTS` INTEGER,
	`FIREARMS` INTEGER,
	`KNIVES_OR_CUTTING_INSTRUMENTS` INTEGER,
	`OTHER_WEAPONS` INTEGER,
	`PERSONAL_WEAPONS` INTEGER,
	`AGENCY_COUNT` INTEGER,
	`POPULATION` INTEGER
);


-- 
-- Insert Values into `2013___TABLE_22`
-- 
INSERT INTO `2013___TABLE_22` (`STATE`, `TOTAL_AGGRAVATED_ASSAULTS`, `FIREARMS`, `KNIVES_OR_CUTTING_INSTRUMENTS`, `OTHER_WEAPONS`, `PERSONAL_WEAPONS`, `AGENCY_COUNT`, `POPULATION`) VALUES
	('Alabama', 12045, 2272, 1798, 6163, 1812, 259, 3913139),
	('Alaska', 3105, 550, 630, 825, 1100, 32, 730730),
	('Arizona', 16855, 3942, 2938, 4977, 4998, 107, 6368698),
	('Arkansas', 8490, 2471, 1226, 1657, 3136, 222, 2616509),
	('California', 89005, 15616, 14522, 30029, 28838, 736, 38324460),
	('Colorado', 9738, 2542, 2394, 2449, 2353, 203, 5038948),
	('Connecticut', 4869, 631, 1046, 1771, 1421, 104, 3596080),
	('Delaware', 2899, 743, 687, 1129, 340, 45, 922919),
	('District of Columbia', 3830, 858, 1274, 1205, 493, 2, 646449),
	('Florida', 60648, 13613, 11177, 22020, 13838, 613, 19325547),
	('Georgia', 18847, 5719, 3288, 5070, 4770, 442, 8945359),
	('Hawaii', 307, 0, 27, 139, 141, 1, 159652),
	('Idaho', 2510, 396, 480, 800, 834, 107, 1606277),
	('Illinois', 1507, 766, 196, 266, 279, 1, 150209),
	('Indiana', 11874, 2024, 1424, 3689, 4737, 252, 4870182),
	('Iowa', 5308, 550, 906, 1008, 2844, 197, 2712559),
	('Kansas', 6809, 1971, 1536, 2080, 1222, 240, 2633420),
	('Kentucky', 4152, 912, 765, 1515, 960, 371, 4318520),
	('Louisiana', 15435, 3847, 2406, 4500, 4682, 190, 4401455),
	('Maine', 910, 39, 174, 255, 442, 183, 1328302),
	('Maryland', 12051, 1691, 3199, 4000, 3161, 152, 4589319),
	('Massachusetts', 17652, 2016, 4350, 8219, 3067, 326, 6459273),
	('Michigan', 25978, 7658, 5288, 8843, 4189, 540, 9184659),
	('Minnesota', 6870, 1257, 1302, 1831, 2480, 331, 5419634),
	('Mississippi', 2487, 771, 316, 594, 806, 67, 1420332),
	('Missouri', 17981, 5185, 2406, 4984, 5406, 602, 6000253),
	('Montana', 1776, 240, 251, 568, 717, 95, 926356),
	('Nebraska', 2858, 635, 496, 1005, 722, 204, 1654880),
	('Nevada', 9786, 1666, 1915, 4061, 2144, 49, 2742647),
	('New Hampshire', 1341, 217, 304, 307, 513, 148, 1174048),
	('New Jersey', 11797, 2265, 2535, 3635, 3362, 543, 8517242),
	('New Mexico', 6538, 1361, 1157, 2039, 1981, 71, 1425916),
	('New York', 45807, 5328, 12247, 13014, 15218, 483, 19154951),
	('North Carolina', 17421, 6127, 3289, 4244, 3761, 312, 7971054),
	('North Dakota', 1398, 30, 165, 274, 929, 100, 714526),
	('Ohio', 11693, 2897, 2084, 4289, 2423, 438, 8343740),
	('Oklahoma', 11425, 1950, 2013, 4077, 3385, 344, 3696802),
	('Oregon', 4946, 598, 928, 1740, 1680, 181, 3383136),
	('Pennsylvania', 22227, 4452, 3249, 5270, 9256, 1210, 11828225),
	('Rhode Island', 1550, 398, 363, 492, 297, 49, 1051511),
	('South Carolina', 17258, 5749, 3168, 4726, 3615, 259, 4566990),
	('South Dakota', 1919, 190, 438, 532, 759, 119, 763020),
	('Tennessee', 27748, 8295, 5374, 10115, 3964, 449, 6292929),
	('Texas', 63987, 15053, 14435, 21462, 13037, 946, 25752157),
	('Utah', 3397, 604, 909, 1147, 737, 123, 2615082),
	('Vermont', 363, 62, 74, 67, 160, 60, 448429),
	('Virginia', 8514, 1970, 1729, 2477, 2338, 351, 7051789),
	('Washington', 10871, 1631, 1749, 3992, 3499, 239, 6460793),
	('West Virginia', 2497, 392, 289, 646, 1170, 241, 1108044),
	('Wisconsin', 9195, 2087, 1150, 2025, 3933, 386, 5588661),
	('Wyoming', 889, 87, 155, 248, 399, 61, 562339);


-- ------------------------------------------------


-- 
-- Create Table `2014___TABLE_20`
-- 
CREATE TABLE `2014___TABLE_20` (
	`ID` INTEGER NOT NULL PRIMARY KEY AUTO_INCREMENT,
	`STATE` VARCHAR(50) NOT NULL,
	`TOTAL_MURDERS` INTEGER,
	`TOTAL_FIREARMS` INTEGER,
	`HANDGUNS` INTEGER,
	`RIFLES` INTEGER,
	`SHOTGUNS` INTEGER,
	`FIREARMS_TYPE_UNKNOWN` INTEGER,
	`KNIVES_OR_CUTTING_INSTRUMENTS` INTEGER,
	`OTHER_WEAPONS` INTEGER,
	`HANDS_FISTS_FEET_ETC` INTEGER
);


-- 
-- Insert Values into `2014___TABLE_20`
-- 
INSERT INTO `2014___TABLE_20` (`STATE`, `TOTAL_MURDERS`, `TOTAL_FIREARMS`, `HANDGUNS`, `RIFLES`, `SHOTGUNS`, `FIREARMS_TYPE_UNKNOWN`, `KNIVES_OR_CUTTING_INSTRUMENTS`, `OTHER_WEAPONS`, `HANDS_FISTS_FEET_ETC`) VALUES
	('Alabama', 1, 1, 1, 0, 0, 0, 0, 0, 0),
	('Alaska', 41, 22, 6, 0, 2, 14, 8, 5, 6),
	('Arizona', 258, 153, 116, 6, 6, 25, 33, 66, 6),
	('Arkansas', 154, 111, 55, 3, 10, 43, 17, 23, 3),
	('California', 1697, 1169, 763, 40, 43, 323, 256, 175, 97),
	('Colorado', 149, 91, 60, 3, 2, 26, 25, 20, 13),
	('Connecticut', 83, 51, 19, 0, 3, 29, 17, 5, 10),
	('Delaware', 54, 39, 29, 0, 0, 10, 4, 3, 8),
	('District of Columbia', 105, 73, 30, 0, 1, 42, 17, 10, 5),
	('Georgia', 540, 416, 371, 11, 10, 24, 55, 63, 6),
	('Hawaii', 5, 1, 1, 0, 0, 0, 0, 3, 1),
	('Idaho', 30, 15, 10, 0, 2, 3, 6, 4, 5),
	('Illinois', 428, 371, 364, 5, 1, 1, 30, 14, 13),
	('Indiana', 299, 222, 166, 5, 3, 48, 26, 37, 14),
	('Iowa', 55, 27, 10, 1, 3, 13, 8, 12, 8),
	('Kansas', 89, 56, 22, 4, 4, 26, 13, 12, 8),
	('Kentucky', 160, 112, 85, 1, 5, 21, 16, 26, 6),
	('Louisiana', 407, 319, 189, 9, 13, 108, 46, 30, 12),
	('Maine', 21, 6, 2, 0, 4, 0, 4, 8, 3),
	('Maryland', 309, 208, 190, 1, 6, 11, 67, 20, 14),
	('Massachusetts', 131, 81, 33, 0, 0, 48, 34, 13, 3),
	('Michigan', 531, 342, 209, 5, 4, 124, 60, 102, 27),
	('Minnesota', 82, 42, 33, 1, 3, 5, 10, 20, 10),
	('Mississippi', 161, 122, 97, 2, 3, 20, 14, 17, 8),
	('Missouri', 402, 314, 166, 24, 5, 119, 35, 43, 10),
	('Montana', 27, 17, 12, 0, 2, 3, 5, 3, 2),
	('Nebraska', 51, 32, 24, 3, 4, 1, 7, 8, 4),
	('Nevada', 169, 94, 14, 1, 0, 79, 34, 32, 9),
	('New Hampshire', 12, 6, 3, 2, 0, 1, 2, 3, 1),
	('New Jersey', 337, 243, 200, 3, 5, 35, 42, 34, 18),
	('New Mexico', 96, 53, 21, 2, 2, 28, 22, 19, 2),
	('New York', 613, 344, 283, 1, 12, 48, 139, 103, 27),
	('North Carolina', 469, 318, 242, 21, 14, 41, 39, 63, 49),
	('North Dakota', 14, 6, 1, 1, 0, 4, 3, 3, 2),
	('Ohio', 436, 277, 180, 0, 4, 93, 37, 102, 20),
	('Oklahoma', 167, 104, 88, 5, 5, 6, 29, 28, 6),
	('Oregon', 73, 39, 16, 2, 2, 19, 14, 18, 2),
	('Pennsylvania', 609, 453, 350, 8, 14, 81, 63, 78, 15),
	('Rhode Island', 25, 12, 5, 0, 1, 6, 7, 5, 1),
	('South Carolina', 301, 219, 138, 8, 11, 62, 31, 34, 17),
	('South Dakota', 15, 6, 0, 0, 0, 6, 1, 5, 3),
	('Tennessee', 370, 246, 160, 7, 2, 77, 43, 60, 21),
	('Texas', 1141, 765, 483, 33, 28, 221, 145, 128, 103),
	('Utah', 61, 36, 25, 4, 2, 5, 6, 9, 10),
	('Vermont', 10, 6, 3, 2, 0, 1, 1, 1, 2),
	('Virginia', 337, 228, 119, 9, 10, 90, 35, 53, 21),
	('Washington', 172, 94, 54, 6, 4, 30, 25, 42, 11),
	('West Virginia', 62, 16, 12, 1, 0, 3, 10, 30, 6),
	('Wisconsin', 158, 117, 79, 8, 2, 28, 19, 13, 9),
	('Wyoming', 13, 8, 6, 0, 1, 1, 1, 2, 2),
	('Guam', 6, 0, 0, 0, 0, 0, 4, 1, 1),
	('Virgin Islands', 25, 21, 17, 0, 4, 0, 2, 2, 0);


-- ------------------------------------------------


-- 
-- Create Table `2014___TABLE_21`
-- 
CREATE TABLE `2014___TABLE_21` (
	`ID` INTEGER NOT NULL PRIMARY KEY AUTO_INCREMENT,
	`STATE` VARCHAR(50) NOT NULL,
	`TOTAL_ROBBERIES` INTEGER,
	`FIREARMS` INTEGER,
	`KNIVES_OR_CUTTING_INSTRUMENTS` INTEGER,
	`OTHER_WEAPONS` INTEGER,
	`STRONG_ARM` INTEGER,
	`AGENCY_COUNT` INTEGER,
	`POPULATION` INTEGER
);


-- 
-- Insert Values into `2014___TABLE_21`
-- 
INSERT INTO `2014___TABLE_21` (`STATE`, `TOTAL_ROBBERIES`, `FIREARMS`, `KNIVES_OR_CUTTING_INSTRUMENTS`, `OTHER_WEAPONS`, `STRONG_ARM`, `AGENCY_COUNT`, `POPULATION`) VALUES
	('Alabama', 4004, 2581, 145, 299, 979, 251, 4017610),
	('Alaska', 627, 144, 54, 58, 371, 32, 732371),
	('Arizona', 4428, 1614, 505, 362, 1947, 74, 4781193),
	('Arkansas', 1855, 964, 93, 186, 612, 250, 2625453),
	('California', 48599, 13533, 4548, 4817, 25701, 732, 38766160),
	('Colorado', 3017, 1091, 254, 384, 1288, 207, 5120821),
	('Connecticut', 3155, 1079, 315, 247, 1514, 102, 3596677),
	('Delaware', 1267, 547, 105, 100, 515, 49, 933379),
	('District of Columbia', 3497, 1285, 291, 207, 1714, 3, 658893),
	('Florida', 21576, 8634, 1458, 1900, 9584, 591, 19829171),
	('Georgia', 11399, 6761, 409, 1039, 3190, 459, 9186183),
	('Hawaii', 80, 8, 7, 16, 49, 1, 162229),
	('Idaho', 193, 60, 29, 31, 73, 108, 1579651),
	('Illinois', 412, 209, 13, 24, 166, 1, 149586),
	('Indiana', 6600, 3354, 387, 488, 2371, 265, 5292033),
	('Iowa', 1031, 344, 112, 117, 458, 196, 2814849),
	('Kansas', 1254, 591, 108, 74, 481, 224, 2456537),
	('Kentucky', 3321, 1596, 259, 327, 1139, 390, 4357196),
	('Louisiana', 4964, 2652, 200, 308, 1804, 171, 3958290),
	('Maine', 304, 51, 43, 49, 161, 181, 1330089),
	('Maryland', 7570, 3304, 742, 507, 3017, 151, 4606762),
	('Massachusetts', 5933, 1601, 1173, 664, 2495, 319, 6277316),
	('Michigan', 7902, 3758, 446, 639, 3059, 555, 9444571),
	('Minnesota', 3683, 1177, 271, 552, 1683, 331, 5456434),
	('Mississippi', 1633, 1044, 83, 145, 361, 74, 1408438),
	('Missouri', 5583, 2729, 338, 382, 2134, 590, 6006231),
	('Montana', 185, 52, 26, 30, 77, 99, 987530),
	('Nebraska', 1014, 478, 71, 74, 391, 201, 1535157),
	('Nevada', 5951, 2235, 461, 619, 2636, 37, 2834483),
	('New Hampshire', 516, 128, 71, 56, 261, 152, 1217941),
	('New Jersey', 10330, 3684, 792, 616, 5238, 546, 8701247),
	('New Mexico', 2072, 907, 263, 197, 705, 116, 2043362),
	('New York', 23948, 5681, 2274, 2065, 13928, 528, 19356133),
	('North Carolina', 7585, 3897, 550, 678, 2460, 352, 8965291),
	('North Dakota', 171, 49, 18, 31, 73, 101, 711112),
	('Ohio', 11779, 4702, 579, 1106, 5392, 431, 9064650),
	('Oklahoma', 3036, 1437, 250, 227, 1122, 333, 3803981),
	('Oregon', 1958, 422, 234, 181, 1121, 156, 3222938),
	('Pennsylvania', 13436, 5710, 959, 798, 5969, 1381, 12433961),
	('Rhode Island', 528, 160, 76, 63, 229, 48, 1055173),
	('South Carolina', 3362, 1830, 238, 240, 1054, 211, 3831974),
	('South Dakota', 194, 61, 32, 36, 65, 121, 789345),
	('Tennessee', 7241, 4055, 414, 800, 1972, 463, 6494137),
	('Texas', 29606, 15248, 2219, 2306, 9833, 980, 25761410),
	('Utah', 1011, 263, 155, 125, 468, 112, 2338134),
	('Vermont', 60, 14, 16, 7, 23, 60, 514607),
	('Virginia', 4273, 2189, 355, 366, 1363, 352, 8207484),
	('Washington', 5602, 1258, 481, 666, 3197, 240, 7040917),
	('West Virginia', 410, 150, 58, 64, 138, 239, 1339973),
	('Wisconsin', 4998, 2753, 204, 447, 1594, 382, 5506370),
	('Wyoming', 53, 18, 3, 8, 24, 57, 561865);


-- ------------------------------------------------


-- 
-- Create Table `2014___TABLE_22`
-- 
CREATE TABLE `2014___TABLE_22` (
	`ID` INTEGER NOT NULL PRIMARY KEY AUTO_INCREMENT,
	`STATE` VARCHAR(50) NOT NULL,
	`TOTAL_AGGRAVATED_ASSAULTS` INTEGER,
	`FIREARMS` INTEGER,
	`KNIVES_OR_CUTTING_INSTRUMENTS` INTEGER,
	`OTHER_WEAPONS` INTEGER,
	`PERSONAL_WEAPONS` INTEGER,
	`AGENCY_COUNT` INTEGER,
	`POPULATION` INTEGER
);


-- 
-- Insert Values into `2014___TABLE_22`
-- 
INSERT INTO `2014___TABLE_22` (`STATE`, `TOTAL_AGGRAVATED_ASSAULTS`, `FIREARMS`, `KNIVES_OR_CUTTING_INSTRUMENTS`, `OTHER_WEAPONS`, `PERSONAL_WEAPONS`, `AGENCY_COUNT`, `POPULATION`) VALUES
	('Alabama', 11707, 2213, 1640, 6353, 1501, 251, 4017610),
	('Alaska', 3224, 599, 601, 895, 1129, 32, 732371),
	('Arizona', 11240, 2773, 2090, 2876, 3501, 74, 4781193),
	('Arkansas', 9514, 2822, 1340, 1790, 3562, 250, 2625453),
	('California', 91654, 15776, 14853, 32465, 28560, 732, 38766160),
	('Colorado', 10112, 2713, 2497, 2508, 2394, 207, 5120821),
	('Connecticut', 4460, 617, 1044, 1587, 1212, 102, 3596677),
	('Delaware', 2865, 861, 605, 1036, 363, 49, 933379),
	('District of Columbia', 4125, 863, 1246, 1419, 597, 3, 658893),
	('Florida', 61404, 15087, 11010, 21625, 13682, 591, 19829171),
	('Georgia', 19955, 6433, 3234, 5331, 4957, 459, 9186183),
	('Hawaii', 336, 1, 36, 137, 162, 1, 162229),
	('Idaho', 2370, 376, 443, 743, 808, 108, 1579651),
	('Illinois', 1287, 552, 186, 248, 301, 1, 149586),
	('Indiana', 12994, 2438, 1472, 3503, 5581, 265, 5292033),
	('Iowa', 5897, 751, 932, 1154, 3060, 196, 2814849),
	('Kansas', 6491, 2073, 1386, 1829, 1203, 224, 2456537),
	('Kentucky', 4382, 1063, 740, 1610, 969, 390, 4357196),
	('Louisiana', 13277, 3864, 2206, 3650, 3557, 171, 3958290),
	('Maine', 887, 58, 143, 210, 476, 181, 1330089),
	('Maryland', 11428, 1715, 3029, 3877, 2807, 151, 4606762),
	('Massachusetts', 17282, 1897, 4116, 7952, 3317, 319, 6277316),
	('Michigan', 26887, 7435, 5309, 9231, 4912, 555, 9444571),
	('Minnesota', 6717, 1208, 1227, 1719, 2563, 331, 5456434),
	('Mississippi', 2337, 785, 303, 517, 732, 74, 1408438),
	('Missouri', 18377, 5472, 2527, 5132, 5246, 590, 6006231),
	('Montana', 2194, 322, 318, 677, 877, 99, 987530),
	('Nebraska', 3105, 550, 515, 1055, 985, 201, 1535157),
	('Nevada', 10462, 1714, 2006, 4533, 2209, 37, 2834483),
	('New Hampshire', 1366, 227, 348, 300, 491, 152, 1217941),
	('New Jersey', 11036, 2080, 2354, 3428, 3174, 546, 8701247),
	('New Mexico', 8620, 1861, 1523, 2591, 2645, 116, 2043362),
	('New York', 45003, 5494, 11783, 12984, 14742, 528, 19356133),
	('North Carolina', 19414, 7220, 3565, 4644, 3985, 352, 8965291),
	('North Dakota', 1353, 46, 183, 276, 848, 101, 711112),
	('Ohio', 12920, 3757, 2446, 4077, 2640, 431, 9064650),
	('Oklahoma', 10641, 2044, 2008, 3525, 3064, 333, 3803981),
	('Oregon', 5008, 574, 974, 1755, 1705, 156, 3222938),
	('Pennsylvania', 21744, 4399, 3379, 4958, 9008, 1381, 12433961),
	('Rhode Island', 1397, 290, 377, 455, 275, 48, 1055173),
	('South Carolina', 14401, 5033, 2645, 3628, 3095, 211, 3831974),
	('South Dakota', 1999, 213, 505, 445, 836, 121, 789345),
	('Tennessee', 29523, 9425, 5530, 10237, 4331, 463, 6494137),
	('Texas', 61945, 14890, 13125, 20693, 13237, 980, 25761410),
	('Utah', 2609, 529, 679, 912, 489, 112, 2338134),
	('Vermont', 359, 46, 67, 50, 196, 60, 514607),
	('Virginia', 9259, 2325, 1801, 2688, 2445, 352, 8207484),
	('Washington', 11464, 1720, 1953, 4154, 3637, 240, 7040917),
	('West Virginia', 3317, 682, 449, 907, 1279, 239, 1339973),
	('Wisconsin', 9648, 2554, 1182, 2005, 3907, 382, 5506370),
	('Wyoming', 856, 91, 156, 242, 367, 57, 561865);


-- ------------------------------------------------


-- 
-- Create Table `2015___TABLE_20`
-- 
CREATE TABLE `2015___TABLE_20` (
	`ID` INTEGER NOT NULL PRIMARY KEY AUTO_INCREMENT,
	`STATE` VARCHAR(50) NOT NULL,
	`TOTAL_MURDERS` INTEGER,
	`TOTAL_FIREARMS` INTEGER,
	`HANDGUNS` INTEGER,
	`RIFLES` INTEGER,
	`SHOTGUNS` INTEGER,
	`FIREARMS_TYPE_UNKNOWN` INTEGER,
	`KNIVES_OR_CUTTING_INSTRUMENTS` INTEGER,
	`OTHER_WEAPONS` INTEGER,
	`HANDS_FISTS_FEET_ETC` INTEGER
);


-- 
-- Insert Values into `2015___TABLE_20`
-- 
INSERT INTO `2015___TABLE_20` (`STATE`, `TOTAL_MURDERS`, `TOTAL_FIREARMS`, `HANDGUNS`, `RIFLES`, `SHOTGUNS`, `FIREARMS_TYPE_UNKNOWN`, `KNIVES_OR_CUTTING_INSTRUMENTS`, `OTHER_WEAPONS`, `HANDS_FISTS_FEET_ETC`) VALUES
	('Alabama', 3, 3, 1, 0, 1, 1, 0, 0, 0),
	('Alaska', 57, 39, 12, 2, 1, 24, 7, 8, 3),
	('Arizona', 278, 171, 128, 4, 3, 36, 42, 55, 10),
	('Arkansas', 164, 110, 51, 10, 4, 45, 18, 30, 6),
	('California', 1861, 1275, 855, 34, 33, 353, 263, 233, 90),
	('Colorado', 176, 115, 65, 12, 6, 32, 25, 19, 17),
	('Connecticut', 107, 73, 29, 0, 2, 42, 16, 9, 9),
	('Delaware', 63, 52, 26, 0, 0, 26, 6, 3, 2),
	('District of Columbia', 162, 121, 65, 1, 0, 55, 28, 8, 5),
	('Georgia', 565, 464, 394, 16, 10, 44, 38, 60, 3),
	('Hawaii', 19, 4, 1, 1, 0, 2, 6, 2, 7),
	('Idaho', 30, 24, 17, 4, 0, 3, 3, 3, 0),
	('Illinois', 497, 440, 431, 2, 1, 6, 29, 25, 3),
	('Indiana', 272, 209, 147, 9, 5, 48, 22, 29, 12),
	('Iowa', 72, 49, 31, 0, 2, 16, 10, 5, 8),
	('Kansas', 125, 91, 51, 4, 4, 32, 9, 14, 11),
	('Kentucky', 209, 141, 91, 1, 9, 40, 30, 26, 12),
	('Louisiana', 474, 379, 207, 7, 9, 156, 46, 43, 6),
	('Maine', 23, 16, 15, 0, 0, 1, 3, 1, 3),
	('Maryland', 372, 279, 266, 3, 3, 7, 44, 33, 16),
	('Massachusetts', 126, 81, 33, 1, 0, 47, 27, 11, 7),
	('Michigan', 571, 389, 148, 10, 10, 221, 52, 103, 27),
	('Minnesota', 133, 79, 47, 6, 9, 17, 21, 23, 10),
	('Mississippi', 159, 126, 102, 3, 5, 16, 11, 14, 8),
	('Missouri', 499, 418, 233, 12, 11, 162, 26, 40, 15),
	('Montana', 36, 18, 13, 0, 0, 5, 8, 3, 7),
	('Nebraska', 61, 43, 41, 1, 1, 0, 9, 8, 1),
	('Nevada', 177, 113, 17, 1, 1, 94, 25, 30, 9),
	('New Hampshire', 14, 8, 4, 0, 0, 4, 6, 0, 0),
	('New Jersey', 353, 255, 200, 3, 0, 52, 38, 41, 19),
	('New Mexico', 94, 56, 14, 1, 2, 39, 18, 19, 1),
	('New York', 611, 383, 331, 1, 5, 46, 104, 104, 20),
	('North Carolina', 506, 353, 235, 10, 21, 87, 41, 77, 35),
	('North Dakota', 17, 9, 5, 0, 0, 4, 3, 1, 4),
	('Ohio', 480, 316, 184, 12, 7, 113, 39, 103, 22),
	('Oklahoma', 233, 149, 113, 8, 9, 19, 33, 32, 19),
	('Oregon', 71, 34, 17, 1, 5, 11, 12, 22, 3),
	('Pennsylvania', 651, 497, 386, 10, 11, 90, 65, 67, 22),
	('Rhode Island', 27, 10, 3, 0, 1, 6, 10, 6, 1),
	('South Carolina', 394, 312, 201, 7, 10, 94, 34, 34, 14),
	('South Dakota', 27, 12, 5, 1, 5, 1, 8, 2, 5),
	('Tennessee', 402, 297, 204, 13, 7, 73, 40, 51, 14),
	('Texas', 1276, 906, 610, 19, 36, 241, 146, 135, 89),
	('Utah', 54, 34, 26, 2, 0, 6, 5, 6, 9),
	('Vermont', 10, 8, 2, 4, 0, 2, 0, 1, 1),
	('Virginia', 383, 275, 148, 6, 7, 114, 51, 43, 14),
	('Washington', 209, 141, 84, 3, 5, 49, 18, 36, 14),
	('West Virginia', 57, 30, 19, 1, 1, 9, 6, 17, 4),
	('Wisconsin', 238, 170, 122, 5, 4, 39, 37, 25, 6),
	('Wyoming', 16, 10, 4, 0, 3, 3, 2, 3, 1),
	('Guam', 6, 3, 1, 0, 0, 2, 1, 2, 0),
	('U.S. Virgin Islands', 35, 26, 12, 1, 0, 13, 3, 6, 0);


-- ------------------------------------------------


-- 
-- Create Table `2015___TABLE_21`
-- 
CREATE TABLE `2015___TABLE_21` (
	`ID` INTEGER NOT NULL PRIMARY KEY AUTO_INCREMENT,
	`STATE` VARCHAR(50) NOT NULL,
	`TOTAL_ROBBERIES` INTEGER,
	`FIREARMS` INTEGER,
	`KNIVES_OR_CUTTING_INSTRUMENTS` INTEGER,
	`OTHER_WEAPONS` INTEGER,
	`STRONG_ARM` INTEGER,
	`AGENCY_COUNT` INTEGER,
	`POPULATION` INTEGER
);


-- 
-- Insert Values into `2015___TABLE_21`
-- 
INSERT INTO `2015___TABLE_21` (`STATE`, `TOTAL_ROBBERIES`, `FIREARMS`, `KNIVES_OR_CUTTING_INSTRUMENTS`, `OTHER_WEAPONS`, `STRONG_ARM`, `AGENCY_COUNT`, `POPULATION`) VALUES
	('Alabama', 4359, 2755, 154, 311, 1139, 256, 4347946),
	('Alaska', 759, 201, 89, 92, 377, 32, 734820),
	('Arizona', 6323, 2539, 703, 648, 2433, 105, 6748833),
	('Arkansas', 1964, 1017, 104, 161, 682, 258, 2695301),
	('California', 52378, 14500, 4999, 5632, 27247, 735, 38983164),
	('Colorado', 3235, 1267, 309, 354, 1305, 191, 5131355),
	('Connecticut', 2404, 724, 273, 201, 1206, 102, 3405742),
	('Delaware', 1235, 621, 75, 98, 441, 60, 945934),
	('District of Columbia', 3742, 1403, 286, 200, 1853, 3, 672228),
	('Florida', 21097, 8672, 1292, 1873, 9260, 673, 20222616),
	('Georgia', 11136, 6887, 356, 894, 2999, 451, 9062259),
	('Hawaii', 1009, 142, 97, 86, 684, 2, 1164233),
	('Idaho', 187, 55, 23, 18, 91, 107, 1647895),
	('Illinois', 504, 262, 28, 32, 182, 1, 148178),
	('Indiana', 6648, 3233, 305, 519, 2591, 268, 5294857),
	('Iowa', 1024, 376, 104, 114, 430, 186, 2689608),
	('Kansas', 1675, 818, 121, 113, 623, 230, 2503857),
	('Kentucky', 3305, 1521, 281, 314, 1189, 390, 4386899),
	('Louisiana', 5344, 2866, 204, 413, 1861, 191, 4353824),
	('Maine', 311, 85, 44, 34, 148, 184, 1329328),
	('Maryland', 7964, 3718, 817, 540, 2889, 141, 4510576),
	('Massachusetts', 4902, 1323, 996, 765, 1818, 326, 6229960),
	('Michigan', 7702, 3850, 381, 651, 2820, 599, 9438412),
	('Minnesota', 3770, 1191, 256, 541, 1782, 385, 5486285),
	('Mississippi', 1465, 962, 73, 99, 331, 69, 1377998),
	('Missouri', 6317, 3262, 332, 453, 2270, 595, 6022304),
	('Montana', 203, 43, 31, 40, 89, 99, 959340),
	('Nebraska', 987, 489, 90, 72, 336, 217, 1797890),
	('Nevada', 6287, 2221, 535, 640, 2891, 49, 2890845),
	('New Hampshire', 443, 92, 80, 63, 208, 163, 1223429),
	('New Jersey', 7940, 2417, 752, 539, 4232, 564, 8661959),
	('New Mexico', 2434, 1045, 313, 232, 844, 102, 1918112),
	('New York', 23652, 5317, 2283, 2217, 13835, 539, 19290785),
	('North Carolina', 6730, 3658, 426, 575, 2071, 295, 7746842),
	('North Dakota', 146, 40, 21, 23, 62, 107, 745699),
	('Ohio', 8566, 3481, 474, 719, 3892, 443, 8911892),
	('Oklahoma', 2942, 1392, 266, 200, 1084, 310, 3653067),
	('Oregon', 711, 127, 76, 95, 413, 170, 1949471),
	('Pennsylvania', 12360, 5220, 912, 753, 5475, 1264, 11944992),
	('Rhode Island', 556, 170, 76, 67, 243, 49, 1056298),
	('South Carolina', 3561, 1898, 230, 265, 1168, 418, 4498982),
	('South Dakota', 201, 65, 20, 29, 87, 116, 790395),
	('Tennessee', 7469, 4249, 388, 788, 2044, 432, 6544994),
	('Texas', 31850, 17034, 2307, 2610, 9899, 980, 27293812),
	('Utah', 1146, 289, 206, 134, 517, 125, 2737245),
	('Vermont', 101, 25, 14, 14, 48, 73, 605265),
	('Virginia', 4426, 2400, 326, 352, 1348, 405, 8335068),
	('Washington', 5404, 1244, 491, 624, 3045, 247, 7155719),
	('West Virginia', 517, 180, 77, 85, 175, 198, 1159784),
	('Wisconsin', 5129, 2759, 242, 457, 1671, 392, 5533433),
	('Wyoming', 58, 15, 8, 7, 28, 57, 562162);


-- ------------------------------------------------


-- 
-- Create Table `2015___TABLE_22`
-- 
CREATE TABLE `2015___TABLE_22` (
	`ID` INTEGER NOT NULL PRIMARY KEY AUTO_INCREMENT,
	`STATE` VARCHAR(50) NOT NULL,
	`TOTAL_AGGRAVATED_ASSAULTS` INTEGER,
	`FIREARMS` INTEGER,
	`KNIVES_OR_CUTTING_INSTRUMENTS` INTEGER,
	`OTHER_WEAPONS` INTEGER,
	`PERSONAL_WEAPONS` INTEGER,
	`AGENCY_COUNT` INTEGER,
	`POPULATION` INTEGER
);


-- 
-- Insert Values into `2015___TABLE_22`
-- 
INSERT INTO `2015___TABLE_22` (`STATE`, `TOTAL_AGGRAVATED_ASSAULTS`, `FIREARMS`, `KNIVES_OR_CUTTING_INSTRUMENTS`, `OTHER_WEAPONS`, `PERSONAL_WEAPONS`, `AGENCY_COUNT`, `POPULATION`) VALUES
	('Alabama', 14365, 3216, 1700, 7892, 1557, 256, 4347946),
	('Alaska', 3652, 716, 701, 1049, 1186, 32, 734820),
	('Arizona', 17650, 4242, 2774, 4375, 6259, 105, 6748833),
	('Arkansas', 10577, 3114, 1477, 2067, 3919, 258, 2695301),
	('California', 98640, 18140, 17039, 33832, 29629, 735, 38983164),
	('Colorado', 10352, 3142, 2598, 2582, 2030, 191, 5131355),
	('Connecticut', 3351, 484, 744, 1134, 989, 102, 3405742),
	('Delaware', 3081, 930, 604, 1148, 399, 60, 945934),
	('District of Columbia', 4133, 1016, 1175, 1407, 535, 3, 672228),
	('Florida', 63738, 17099, 11300, 21564, 13775, 673, 20222616),
	('Georgia', 19666, 7003, 2983, 4920, 4760, 451, 9062259),
	('Hawaii', 1554, 117, 332, 538, 567, 2, 1164233),
	('Idaho', 2583, 483, 437, 840, 823, 107, 1647895),
	('Illinois', 1678, 974, 143, 256, 305, 1, 148178),
	('Indiana', 13577, 2790, 1370, 3690, 5727, 268, 5294857),
	('Iowa', 6152, 820, 907, 1159, 3266, 186, 2689608),
	('Kansas', 7014, 2352, 1489, 1850, 1323, 230, 2503857),
	('Kentucky', 4664, 1289, 787, 1657, 931, 390, 4386899),
	('Louisiana', 16718, 4556, 2479, 4691, 4992, 191, 4353824),
	('Maine', 921, 53, 124, 204, 540, 184, 1329328),
	('Maryland', 11615, 2164, 3012, 4032, 2407, 141, 4510576),
	('Massachusetts', 17309, 1920, 3761, 7729, 3899, 326, 6229960),
	('Michigan', 25838, 6695, 4964, 8777, 5402, 599, 9438412),
	('Minnesota', 7069, 1444, 1304, 1819, 2502, 385, 5486285),
	('Mississippi', 2180, 767, 321, 534, 558, 69, 1377998),
	('Missouri', 20465, 6815, 2633, 5349, 5668, 595, 6022304),
	('Montana', 2658, 425, 379, 864, 990, 99, 959340),
	('Nebraska', 3108, 659, 573, 987, 889, 217, 1797890),
	('Nevada', 11960, 2090, 2273, 5389, 2208, 49, 2890845),
	('New Hampshire', 1386, 267, 340, 306, 473, 163, 1223429),
	('New Jersey', 10304, 1648, 2250, 3299, 3107, 564, 8661959),
	('New Mexico', 8775, 1996, 1465, 2508, 2806, 102, 1918112),
	('New York', 43938, 5138, 11061, 12960, 14779, 539, 19290785),
	('North Carolina', 17474, 7582, 2824, 3649, 3419, 295, 7746842),
	('North Dakota', 1196, 49, 172, 299, 676, 107, 745699),
	('Ohio', 11665, 3897, 2155, 3528, 2085, 443, 8911892),
	('Oklahoma', 11171, 2522, 1879, 3710, 3060, 310, 3653067),
	('Oregon', 3022, 311, 465, 924, 1322, 170, 1949471),
	('Pennsylvania', 20834, 4470, 3220, 5065, 8079, 1264, 11944992),
	('Rhode Island', 1518, 344, 388, 472, 314, 49, 1056298),
	('South Carolina', 16280, 6241, 2735, 4024, 3280, 418, 4498982),
	('South Dakota', 1820, 293, 450, 491, 586, 116, 790395),
	('Tennessee', 29724, 9855, 5281, 10893, 3695, 432, 6544994),
	('Texas', 67216, 18051, 13728, 22008, 13429, 980, 27293812),
	('Utah', 3473, 599, 936, 1117, 821, 125, 2737245),
	('Vermont', 484, 72, 102, 76, 234, 73, 605265),
	('Virginia', 9175, 2596, 1667, 2524, 2388, 405, 8335068),
	('Washington', 11878, 2130, 1871, 3971, 3906, 247, 7155719),
	('West Virginia', 3466, 804, 454, 900, 1308, 198, 1159784),
	('Wisconsin', 10235, 2841, 1176, 2087, 4131, 392, 5533433),
	('Wyoming', 1013, 102, 165, 261, 485, 57, 562162);


-- ------------------------------------------------


-- 
-- Create Table `2016___TABLE_12`
-- 
CREATE TABLE `2016___TABLE_12` (
	`ID` INTEGER NOT NULL PRIMARY KEY AUTO_INCREMENT,
	`STATE` VARCHAR(50) NOT NULL,
	`TOTAL_MURDERS` INTEGER,
	`TOTAL_FIREARMS` INTEGER,
	`HANDGUNS` INTEGER,
	`RIFLES` INTEGER,
	`SHOTGUNS` INTEGER,
	`FIREARMS_TYPE_UNKNOWN` INTEGER,
	`KNIVES_OR_CUTTING_INSTRUMENTS` INTEGER,
	`OTHER_WEAPONS` INTEGER,
	`HANDS_FISTS_FEET_ETC` INTEGER
);


-- 
-- Insert Values into `2016___TABLE_12`
-- 
INSERT INTO `2016___TABLE_12` (`STATE`, `TOTAL_MURDERS`, `TOTAL_FIREARMS`, `HANDGUNS`, `RIFLES`, `SHOTGUNS`, `FIREARMS_TYPE_UNKNOWN`, `KNIVES_OR_CUTTING_INSTRUMENTS`, `OTHER_WEAPONS`, `HANDS_FISTS_FEET_ETC`) VALUES
	('Alabama', 3, 1, 0, 0, 0, 1, 0, 2, 0),
	('Alaska', 52, 43, 12, 4, 1, 26, 3, 6, 0),
	('Arizona', 336, 227, 156, 16, 10, 45, 40, 63, 6),
	('Arkansas', 209, 151, 72, 11, 3, 65, 25, 25, 8),
	('California', 1930, 1368, 930, 37, 36, 365, 280, 193, 89),
	('Colorado', 202, 136, 87, 4, 4, 41, 27, 28, 11),
	('Connecticut', 76, 48, 24, 0, 1, 23, 12, 13, 3),
	('Delaware', 56, 41, 17, 0, 0, 24, 7, 8, 0),
	('District of Columbia', 136, 105, 105, 0, 0, 0, 19, 6, 6),
	('Georgia', 646, 522, 421, 20, 14, 67, 48, 71, 5),
	('Hawaii', 35, 19, 12, 3, 2, 2, 8, 5, 3),
	('Idaho', 47, 17, 13, 1, 0, 3, 5, 21, 4),
	('Illinois', 941, 799, 728, 14, 5, 52, 61, 62, 19),
	('Indiana', 348, 287, 169, 12, 2, 104, 19, 32, 10),
	('Iowa', 71, 43, 25, 2, 1, 15, 12, 10, 6),
	('Kansas', 96, 61, 43, 5, 1, 12, 8, 19, 8),
	('Kentucky', 260, 207, 143, 7, 8, 49, 20, 22, 11),
	('Louisiana', 543, 445, 219, 26, 7, 193, 33, 52, 13),
	('Maine', 20, 11, 2, 1, 3, 5, 5, 2, 2),
	('Maryland', 430, 328, 309, 2, 3, 14, 52, 29, 21),
	('Massachusetts', 132, 85, 34, 0, 0, 51, 25, 11, 11),
	('Michigan', 597, 443, 191, 15, 12, 225, 45, 89, 20),
	('Minnesota', 99, 60, 42, 2, 1, 15, 12, 19, 8),
	('Mississippi', 154, 128, 101, 4, 6, 17, 4, 14, 8),
	('Missouri', 535, 437, 211, 23, 6, 197, 37, 50, 11),
	('Montana', 34, 17, 6, 4, 3, 4, 9, 5, 3),
	('Nebraska', 41, 30, 30, 0, 0, 0, 9, 2, 0),
	('Nevada', 209, 141, 21, 2, 0, 118, 20, 42, 6),
	('New Hampshire', 16, 8, 4, 1, 1, 2, 2, 0, 6),
	('New Jersey', 372, 278, 212, 1, 3, 62, 29, 42, 23),
	('New Mexico', 99, 60, 13, 1, 0, 46, 17, 19, 3),
	('New York', 628, 367, 305, 2, 9, 51, 130, 99, 32),
	('North Carolina', 595, 421, 262, 20, 22, 117, 50, 80, 44),
	('North Dakota', 14, 8, 5, 2, 0, 1, 3, 1, 2),
	('Ohio', 627, 452, 197, 7, 8, 240, 39, 104, 32),
	('Oklahoma', 243, 171, 135, 9, 9, 18, 31, 23, 18),
	('Oregon', 100, 51, 32, 6, 1, 12, 24, 24, 1),
	('Pennsylvania', 655, 486, 395, 10, 12, 69, 68, 78, 23),
	('Rhode Island', 29, 12, 5, 0, 0, 7, 9, 6, 2),
	('South Carolina', 363, 281, 172, 7, 9, 93, 29, 36, 17),
	('South Dakota', 21, 7, 7, 0, 0, 0, 5, 4, 5),
	('Tennessee', 486, 356, 202, 10, 7, 137, 49, 69, 12),
	('Texas', 1459, 1066, 630, 51, 31, 354, 175, 136, 82),
	('Utah', 71, 42, 31, 1, 0, 10, 6, 20, 3),
	('Vermont', 14, 6, 2, 2, 1, 1, 2, 6, 0),
	('Virginia', 482, 352, 151, 10, 10, 181, 33, 67, 30),
	('Washington', 195, 127, 69, 11, 5, 42, 19, 38, 11),
	('West Virginia', 76, 47, 30, 2, 0, 15, 4, 21, 4),
	('Wisconsin', 226, 166, 119, 6, 4, 37, 27, 21, 12),
	('Wyoming', 19, 6, 1, 0, 1, 4, 8, 3, 2),
	('U.S. Virgin Islands', 42, 34, 3, 0, 0, 31, 0, 8, 0);


-- ------------------------------------------------


-- 
-- Create Table `2016___TABLE_13`
-- 
CREATE TABLE `2016___TABLE_13` (
	`ID` INTEGER NOT NULL PRIMARY KEY AUTO_INCREMENT,
	`STATE` VARCHAR(50) NOT NULL,
	`TOTAL_ROBBERIES` INTEGER,
	`FIREARMS` INTEGER,
	`KNIVES_OR_CUTTING_INSTRUMENTS` INTEGER,
	`OTHER_WEAPONS` INTEGER,
	`STRONG_ARM` INTEGER,
	`AGENCY_COUNT` INTEGER,
	`POPULATION` INTEGER
);


-- 
-- Insert Values into `2016___TABLE_13`
-- 
INSERT INTO `2016___TABLE_13` (`STATE`, `TOTAL_ROBBERIES`, `FIREARMS`, `KNIVES_OR_CUTTING_INSTRUMENTS`, `OTHER_WEAPONS`, `STRONG_ARM`, `AGENCY_COUNT`, `POPULATION`) VALUES
	('Alabama', 4415, 2876, 143, 369, 1027, 264, 4392449),
	('Alaska', 848, 242, 81, 116, 409, 32, 738566),
	('Arizona', 6882, 3002, 802, 716, 2362, 90, 6514042),
	('Arkansas', 2045, 1096, 120, 176, 653, 272, 2827056),
	('California', 54762, 15489, 5207, 6063, 28003, 732, 39209622),
	('Colorado', 3432, 1357, 349, 433, 1293, 197, 5109023),
	('Connecticut', 2696, 896, 294, 227, 1279, 103, 3500401),
	('Delaware', 1359, 648, 99, 101, 511, 56, 950787),
	('District of Columbia', 3480, 1430, 273, 225, 1552, 3, 681170),
	('Florida', 20132, 8717, 1299, 1914, 8202, 668, 20566240),
	('Georgia', 11935, 7409, 425, 931, 3170, 504, 9639636),
	('Hawaii', 994, 162, 93, 135, 604, 4, 1428557),
	('Idaho', 209, 56, 36, 32, 85, 108, 1680830),
	('Illinois', 536, 307, 24, 48, 157, 1, 147363),
	('Indiana', 6883, 3420, 360, 586, 2517, 217, 4663407),
	('Iowa', 1131, 482, 87, 115, 447, 207, 2867132),
	('Kansas', 1248, 607, 98, 97, 446, 227, 2211329),
	('Kentucky', 3369, 1664, 238, 330, 1137, 420, 4424357),
	('Louisiana', 5514, 2976, 238, 419, 1881, 187, 4553790),
	('Maine', 266, 59, 40, 34, 133, 197, 1331479),
	('Maryland', 9660, 4008, 1029, 732, 3891, 148, 5312551),
	('Massachusetts', 5247, 1357, 977, 930, 1983, 346, 6477104),
	('Michigan', 7067, 3286, 400, 579, 2802, 613, 9757748),
	('Minnesota', 3725, 1193, 288, 588, 1656, 377, 5519952),
	('Mississippi', 1570, 1043, 74, 134, 319, 71, 1565661),
	('Missouri', 6481, 3508, 323, 440, 2210, 576, 5939159),
	('Montana', 266, 70, 32, 49, 115, 106, 1036405),
	('Nebraska', 940, 477, 68, 70, 325, 224, 1820419),
	('Nevada', 6340, 2433, 551, 651, 2705, 52, 2940058),
	('New Hampshire', 415, 83, 75, 41, 216, 174, 1275170),
	('New Jersey', 8934, 3157, 782, 579, 4416, 569, 8944469),
	('New Mexico', 2697, 1171, 379, 304, 843, 104, 1906995),
	('New York', 22247, 4648, 2387, 2122, 13090, 549, 19508097),
	('North Carolina', 5543, 2993, 370, 420, 1760, 275, 6638699),
	('North Dakota', 181, 34, 29, 28, 90, 106, 753138),
	('Ohio', 11576, 3497, 517, 766, 6796, 472, 9736188),
	('Oklahoma', 3150, 1513, 275, 235, 1127, 341, 3833107),
	('Oregon', 2194, 521, 220, 251, 1202, 180, 3681279),
	('Pennsylvania', 11764, 5077, 786, 780, 5121, 1241, 11691589),
	('Rhode Island', 480, 128, 79, 53, 220, 46, 983740),
	('South Carolina', 3871, 2147, 254, 286, 1184, 434, 4794988),
	('South Dakota', 252, 71, 27, 34, 120, 108, 791627),
	('Tennessee', 7770, 4410, 460, 927, 1973, 462, 6610985),
	('Texas', 33015, 18312, 2275, 2733, 9695, 984, 27340228),
	('Utah', 1505, 463, 199, 167, 676, 116, 2937596),
	('Vermont', 48, 16, 6, 4, 22, 46, 348314),
	('Virginia', 4765, 2593, 314, 433, 1425, 413, 8406696),
	('Washington', 5596, 1431, 546, 601, 3018, 236, 7263284),
	('West Virginia', 497, 176, 69, 76, 176, 301, 1380643),
	('Wisconsin', 4698, 2557, 222, 393, 1526, 413, 5730771),
	('Wyoming', 58, 21, 2, 13, 22, 55, 556446);


-- ------------------------------------------------


-- 
-- Create Table `2016___TABLE_14`
-- 
CREATE TABLE `2016___TABLE_14` (
	`ID` INTEGER NOT NULL PRIMARY KEY AUTO_INCREMENT,
	`STATE` VARCHAR(50) NOT NULL,
	`TOTAL_AGGRAVATED_ASSAULTS` INTEGER,
	`FIREARMS` INTEGER,
	`KNIVES_OR_CUTTING_INSTRUMENTS` INTEGER,
	`OTHER_WEAPONS` INTEGER,
	`PERSONAL_WEAPONS` INTEGER,
	`AGENCY_COUNT` INTEGER,
	`POPULATION` INTEGER
);


-- 
-- Insert Values into `2016___TABLE_14`
-- 
INSERT INTO `2016___TABLE_14` (`STATE`, `TOTAL_AGGRAVATED_ASSAULTS`, `FIREARMS`, `KNIVES_OR_CUTTING_INSTRUMENTS`, `OTHER_WEAPONS`, `PERSONAL_WEAPONS`, `AGENCY_COUNT`, `POPULATION`) VALUES
	('Alabama', 17364, 3994, 1762, 10068, 1540, 264, 4392449),
	('Alaska', 3992, 883, 750, 1224, 1135, 32, 738566),
	('Arizona', 19232, 5024, 2822, 4559, 6827, 90, 6514042),
	('Arkansas', 11385, 3884, 1662, 2564, 3275, 272, 2827056),
	('California', 104295, 20633, 17156, 36031, 30475, 732, 39209622),
	('Colorado', 11271, 3590, 2651, 2778, 2252, 197, 5109023),
	('Connecticut', 4558, 746, 1053, 1579, 1180, 103, 3500401),
	('Delaware', 3120, 1054, 596, 1095, 375, 56, 950787),
	('District of Columbia', 4063, 1057, 1181, 1341, 484, 3, 681170),
	('Florida', 59678, 17506, 10874, 21084, 10214, 668, 20566240),
	('Georgia', 22896, 8329, 3204, 5867, 5496, 504, 9639636),
	('Hawaii', 2769, 180, 424, 1074, 1091, 4, 1428557),
	('Idaho', 2866, 613, 464, 838, 951, 108, 1680830),
	('Illinois', 1745, 955, 184, 278, 328, 1, 147363),
	('Indiana', 14225, 3233, 1506, 3876, 5610, 217, 4663407),
	('Iowa', 6321, 920, 978, 1260, 3163, 207, 2867132),
	('Kansas', 6441, 2223, 1282, 1652, 1284, 227, 2211329),
	('Kentucky', 5035, 1714, 662, 1829, 830, 420, 4424357),
	('Louisiana', 18173, 5284, 2803, 4958, 5128, 187, 4553790),
	('Maine', 948, 74, 160, 218, 496, 197, 1331479),
	('Maryland', 14595, 2474, 3420, 5387, 3314, 148, 5312551),
	('Massachusetts', 17289, 1940, 3935, 7504, 3910, 346, 6477104),
	('Michigan', 30387, 8401, 5521, 10177, 6288, 613, 9757748),
	('Minnesota', 7028, 1635, 1239, 1739, 2415, 377, 5519952),
	('Mississippi', 2469, 902, 340, 593, 634, 71, 1565661),
	('Missouri', 21610, 7914, 2563, 5792, 5341, 576, 5939159),
	('Montana', 2948, 477, 399, 964, 1108, 106, 1036405),
	('Nebraska', 3409, 763, 641, 1077, 928, 224, 1820419),
	('Nevada', 11557, 2445, 2122, 4806, 2184, 52, 2940058),
	('New Hampshire', 1546, 302, 375, 323, 546, 174, 1275170),
	('New Jersey', 11075, 2196, 2313, 3741, 2825, 569, 8944469),
	('New Mexico', 9104, 2092, 1627, 2775, 2610, 104, 1906995),
	('New York', 44896, 4943, 11305, 13527, 15121, 549, 19508097),
	('North Carolina', 15209, 6878, 2355, 3118, 2858, 275, 6638699),
	('North Dakota', 1207, 60, 143, 285, 719, 106, 753138),
	('Ohio', 14648, 5339, 2608, 4218, 2483, 472, 9736188),
	('Oklahoma', 12086, 2827, 2080, 3970, 3209, 341, 3833107),
	('Oregon', 6061, 904, 1095, 1981, 2081, 180, 3681279),
	('Pennsylvania', 20817, 4731, 3033, 4977, 8076, 1241, 11691589),
	('Rhode Island', 1312, 268, 399, 385, 260, 46, 983740),
	('South Carolina', 17360, 7186, 2831, 4198, 3145, 434, 4794988),
	('South Dakota', 2176, 235, 451, 551, 939, 108, 791627),
	('Tennessee', 30777, 10924, 5361, 11120, 3372, 462, 6610985),
	('Texas', 71583, 21222, 14482, 22677, 13202, 984, 27340228),
	('Utah', 4057, 849, 1027, 1210, 971, 116, 2937596),
	('Vermont', 302, 39, 59, 53, 151, 46, 348314),
	('Virginia', 10239, 3229, 1787, 2701, 2522, 413, 8406696),
	('Washington', 12907, 2708, 1987, 4012, 4200, 236, 7263284),
	('West Virginia', 4004, 1025, 536, 929, 1514, 301, 1380643),
	('Wisconsin', 10729, 2824, 1175, 2324, 4406, 413, 5730771),
	('Wyoming', 1087, 90, 159, 257, 581, 55, 556446);


-- ------------------------------------------------


-- 
-- Create Table `2017___TABLE_20`
-- 
CREATE TABLE `2017___TABLE_20` (
	`ID` INTEGER NOT NULL PRIMARY KEY AUTO_INCREMENT,
	`STATE` VARCHAR(50) NOT NULL,
	`TOTAL_MURDERS` INTEGER,
	`TOTAL_FIREARMS` INTEGER,
	`HANDGUNS` INTEGER,
	`RIFLES` INTEGER,
	`SHOTGUNS` INTEGER,
	`FIREARMS_TYPE_UNKNOWN` INTEGER,
	`KNIVES_OR_CUTTING_INSTRUMENTS` INTEGER,
	`OTHER_WEAPONS` INTEGER,
	`HANDS_FISTS_FEET_ETC` INTEGER
);


-- 
-- Insert Values into `2017___TABLE_20`
-- 
INSERT INTO `2017___TABLE_20` (`STATE`, `TOTAL_MURDERS`, `TOTAL_FIREARMS`, `HANDGUNS`, `RIFLES`, `SHOTGUNS`, `FIREARMS_TYPE_UNKNOWN`, `KNIVES_OR_CUTTING_INSTRUMENTS`, `OTHER_WEAPONS`, `HANDS_FISTS_FEET_ETC`) VALUES
	('Alabama', 2, 1, 0, 0, 0, 1, 0, 1, 0),
	('Alaska', 62, 37, 7, 3, 3, 24, 13, 8, 4),
	('Arizona', 404, 249, 162, 8, 9, 70, 50, 93, 12),
	('Arkansas', 250, 168, 92, 11, 4, 61, 23, 52, 7),
	('California', 1830, 1274, 886, 37, 34, 317, 258, 195, 103),
	('Colorado', 218, 137, 88, 7, 4, 38, 37, 22, 22),
	('Connecticut', 102, 72, 30, 0, 1, 41, 11, 9, 10),
	('Delaware', 52, 44, 20, 0, 1, 23, 3, 4, 1),
	('District of Columbia', 116, 90, 89, 0, 0, 1, 15, 5, 6),
	('Georgia', 672, 542, 490, 15, 5, 32, 37, 85, 8),
	('Hawaii', 39, 4, 1, 1, 0, 2, 9, 10, 16),
	('Idaho', 28, 13, 8, 4, 1, 0, 6, 3, 6),
	('Illinois', 814, 693, 596, 24, 3, 70, 53, 50, 18),
	('Indiana', 360, 291, 147, 14, 6, 124, 20, 39, 10),
	('Iowa', 100, 57, 25, 1, 5, 26, 18, 18, 7),
	('Kansas', 129, 79, 44, 4, 7, 24, 16, 26, 8),
	('Kentucky', 263, 192, 128, 6, 6, 52, 25, 33, 13),
	('Louisiana', 566, 460, 216, 23, 12, 209, 46, 42, 18),
	('Maine', 23, 12, 4, 0, 0, 8, 3, 4, 4),
	('Maryland', 475, 370, 339, 5, 3, 23, 44, 50, 11),
	('Massachusetts', 170, 99, 34, 0, 0, 65, 36, 29, 6),
	('Michigan', 567, 381, 185, 13, 12, 171, 55, 101, 30),
	('Minnesota', 113, 69, 58, 1, 2, 8, 14, 23, 7),
	('Mississippi', 149, 111, 90, 4, 3, 14, 12, 20, 6),
	('Missouri', 596, 514, 224, 22, 8, 260, 25, 48, 9),
	('Montana', 41, 17, 10, 2, 1, 4, 12, 5, 7),
	('Nebraska', 43, 31, 27, 2, 2, 0, 4, 5, 3),
	('Nevada', 270, 201, 16, 58, 0, 127, 28, 30, 11),
	('New Hampshire', 14, 7, 4, 0, 1, 2, 5, 1, 1),
	('New Jersey', 324, 242, 175, 7, 4, 56, 42, 29, 11),
	('New Mexico', 113, 71, 20, 2, 0, 49, 20, 19, 3),
	('New York', 547, 292, 233, 6, 9, 44, 113, 91, 51),
	('North Carolina', 547, 413, 279, 9, 26, 99, 33, 64, 37),
	('North Dakota', 9, 5, 2, 1, 0, 2, 1, 2, 1),
	('Ohio', 682, 485, 226, 5, 11, 243, 46, 128, 23),
	('Oklahoma', 239, 163, 131, 5, 5, 22, 25, 32, 19),
	('Oregon', 100, 58, 34, 2, 2, 20, 17, 22, 3),
	('Pennsylvania', 735, 567, 452, 11, 8, 96, 63, 73, 32),
	('Rhode Island', 20, 8, 1, 0, 0, 7, 4, 5, 3),
	('South Carolina', 387, 312, 183, 11, 8, 110, 29, 36, 10),
	('South Dakota', 21, 8, 6, 0, 0, 2, 7, 2, 4),
	('Tennessee', 525, 407, 271, 19, 11, 106, 42, 64, 12),
	('Texas', 1364, 1012, 594, 40, 26, 352, 156, 131, 65),
	('Utah', 73, 46, 32, 0, 3, 11, 7, 12, 8),
	('Vermont', 14, 6, 1, 0, 0, 5, 6, 1, 1),
	('Virginia', 453, 338, 156, 11, 11, 160, 44, 54, 17),
	('Washington', 228, 134, 75, 1, 1, 57, 36, 40, 18),
	('West Virginia', 79, 45, 25, 4, 4, 12, 8, 23, 3),
	('Wisconsin', 186, 149, 111, 4, 2, 32, 11, 17, 9),
	('Wyoming', 14, 6, 5, 0, 0, 1, 3, 3, 2),
	('Guam', 1, 0, 0, 0, 0, 0, 0, 1, 0);


-- ------------------------------------------------


-- 
-- Create Table `2017___TABLE_21`
-- 
CREATE TABLE `2017___TABLE_21` (
	`ID` INTEGER NOT NULL PRIMARY KEY AUTO_INCREMENT,
	`STATE` VARCHAR(50) NOT NULL,
	`TOTAL_ROBBERIES` INTEGER,
	`FIREARMS` INTEGER,
	`KNIVES_OR_CUTTING_INSTRUMENTS` INTEGER,
	`OTHER_WEAPONS` INTEGER,
	`STRONG_ARM` INTEGER,
	`AGENCY_COUNT` INTEGER,
	`POPULATION` INTEGER
);


-- 
-- Insert Values into `2017___TABLE_21`
-- 
INSERT INTO `2017___TABLE_21` (`STATE`, `TOTAL_ROBBERIES`, `FIREARMS`, `KNIVES_OR_CUTTING_INSTRUMENTS`, `OTHER_WEAPONS`, `STRONG_ARM`, `AGENCY_COUNT`, `POPULATION`) VALUES
	('Alabama', 3190, 1895, 137, 376, 782, 242, 4175710),
	('Alaska', 949, 294, 88, 134, 433, 32, 736205),
	('Arizona', 7312, 3115, 826, 782, 2589, 97, 6732019),
	('Arkansas', 1813, 968, 104, 161, 580, 265, 2774792),
	('California', 56590, 15343, 5276, 6502, 29469, 729, 39379687),
	('Colorado', 3734, 1615, 326, 434, 1359, 202, 5221193),
	('Connecticut', 2813, 936, 308, 263, 1306, 106, 3569335),
	('Delaware', 1082, 488, 96, 82, 416, 61, 961939),
	('District of Columbia', 2623, 946, 209, 187, 1281, 3, 693972),
	('Florida', 18584, 7724, 1174, 1706, 7980, 603, 20971216),
	('Georgia', 9640, 5690, 327, 858, 2765, 484, 9793925),
	('Hawaii', 1077, 167, 114, 122, 674, 4, 1427538),
	('Idaho', 182, 61, 30, 24, 67, 82, 1533625),
	('Illinois', 427, 217, 22, 45, 143, 1, 146770),
	('Indiana', 5913, 3000, 292, 536, 2085, 206, 4497992),
	('Iowa', 1204, 532, 95, 132, 445, 200, 2839614),
	('Kansas', 1345, 657, 113, 119, 456, 226, 2325762),
	('Kentucky', 2946, 1332, 231, 333, 1050, 331, 4330642),
	('Louisiana', 5213, 2816, 236, 382, 1779, 185, 4439478),
	('Maine', 249, 56, 30, 30, 133, 135, 1335907),
	('Maryland', 11125, 5002, 1047, 958, 4118, 146, 5810386),
	('Massachusetts', 4788, 1227, 875, 1012, 1674, 328, 6646961),
	('Michigan', 6449, 2992, 367, 576, 2514, 619, 9803009),
	('Minnesota', 3619, 1199, 251, 571, 1598, 387, 5539575),
	('Mississippi', 1264, 806, 49, 121, 288, 69, 1482371),
	('Missouri', 6314, 3725, 335, 430, 1824, 560, 5993489),
	('Montana', 295, 72, 27, 48, 148, 107, 1048283),
	('Nebraska', 670, 403, 47, 37, 183, 54, 764921),
	('Nevada', 4841, 2154, 443, 561, 1683, 57, 2998039),
	('New Hampshire', 409, 82, 53, 42, 232, 176, 1292643),
	('New Jersey', 7895, 2718, 665, 502, 4010, 576, 9005644),
	('New Mexico', 3617, 1916, 410, 351, 940, 115, 1858425),
	('New York', 19946, 3806, 2391, 1952, 11797, 525, 19173006),
	('North Carolina', 7161, 4018, 469, 624, 2050, 277, 7655991),
	('North Dakota', 182, 41, 24, 30, 87, 106, 749938),
	('Ohio', 10869, 3395, 462, 801, 6211, 458, 9718364),
	('Oklahoma', 2995, 1449, 257, 231, 1058, 394, 3872459),
	('Oregon', 2333, 515, 280, 323, 1215, 145, 3751984),
	('Pennsylvania', 11707, 4816, 865, 731, 5295, 1452, 12586674),
	('Rhode Island', 474, 125, 87, 51, 211, 49, 1059639),
	('South Carolina', 3378, 1946, 241, 252, 939, 350, 4075266),
	('South Dakota', 224, 68, 25, 31, 100, 76, 732566),
	('Tennessee', 7823, 4489, 419, 956, 1959, 458, 6609070),
	('Texas', 31526, 17752, 2201, 2554, 9019, 951, 26883394),
	('Utah', 1448, 438, 202, 151, 657, 122, 2956234),
	('Vermont', 91, 22, 17, 14, 38, 71, 597819),
	('Virginia', 3774, 1968, 343, 297, 1166, 394, 8118165),
	('Washington', 5161, 1289, 518, 659, 2695, 237, 7259162),
	('West Virginia', 460, 161, 50, 70, 179, 183, 1321158),
	('Wisconsin', 4337, 2274, 253, 400, 1410, 430, 5739270),
	('Wyoming', 75, 25, 3, 11, 36, 55, 550712);


-- ------------------------------------------------


-- 
-- Create Table `2017___TABLE_22`
-- 
CREATE TABLE `2017___TABLE_22` (
	`ID` INTEGER NOT NULL PRIMARY KEY AUTO_INCREMENT,
	`STATE` VARCHAR(50) NOT NULL,
	`TOTAL_AGGRAVATED_ASSAULTS` INTEGER,
	`FIREARMS` INTEGER,
	`KNIVES_OR_CUTTING_INSTRUMENTS` INTEGER,
	`OTHER_WEAPONS` INTEGER,
	`PERSONAL_WEAPONS` INTEGER,
	`AGENCY_COUNT` INTEGER,
	`POPULATION` INTEGER
);


-- 
-- Insert Values into `2017___TABLE_22`
-- 
INSERT INTO `2017___TABLE_22` (`STATE`, `TOTAL_AGGRAVATED_ASSAULTS`, `FIREARMS`, `KNIVES_OR_CUTTING_INSTRUMENTS`, `OTHER_WEAPONS`, `PERSONAL_WEAPONS`, `AGENCY_COUNT`, `POPULATION`) VALUES
	('Alabama', 15072, 2872, 1589, 9182, 1429, 242, 4175710),
	('Alaska', 4236, 1015, 712, 1314, 1195, 32, 736205),
	('Arizona', 22279, 5410, 3214, 5203, 8452, 97, 6732019),
	('Arkansas', 11822, 4311, 1555, 2536, 3420, 265, 2774792),
	('California', 104181, 19143, 17111, 36546, 31381, 729, 39379687),
	('Colorado', 12237, 3919, 2950, 2997, 2371, 202, 5221193),
	('Connecticut', 4424, 700, 1000, 1544, 1180, 106, 3569335),
	('Delaware', 2891, 953, 569, 1070, 299, 61, 961939),
	('District of Columbia', 3791, 937, 1048, 1327, 479, 3, 693972),
	('Florida', 57986, 17697, 10415, 20289, 9585, 603, 20971216),
	('Georgia', 22130, 7907, 3132, 5815, 5276, 484, 9793925),
	('Hawaii', 1894, 180, 448, 652, 614, 4, 1427538),
	('Idaho', 2735, 508, 459, 774, 994, 82, 1533625),
	('Illinois', 1773, 1036, 146, 260, 331, 1, 146770),
	('Indiana', 14364, 3372, 1452, 3998, 5542, 206, 4497992),
	('Iowa', 6160, 921, 946, 1279, 3014, 200, 2839614),
	('Kansas', 7107, 2484, 1315, 1884, 1424, 226, 2325762),
	('Kentucky', 5141, 1861, 730, 1772, 778, 331, 4330642),
	('Louisiana', 17410, 5690, 2546, 4539, 4635, 185, 4439478),
	('Maine', 872, 79, 143, 257, 393, 135, 1335907),
	('Maryland', 16528, 2933, 3552, 6384, 3659, 146, 5810386),
	('Massachusetts', 16887, 1856, 3643, 7464, 3924, 328, 6646961),
	('Michigan', 30457, 8591, 5314, 10182, 6370, 619, 9803009),
	('Minnesota', 7091, 1640, 1229, 1793, 2429, 387, 5539575),
	('Mississippi', 2650, 996, 327, 620, 707, 69, 1482371),
	('Missouri', 22213, 8810, 2453, 5590, 5360, 560, 5993489),
	('Montana', 3003, 453, 387, 1065, 1098, 107, 1048283),
	('Nebraska', 2143, 715, 402, 714, 312, 54, 764921),
	('Nevada', 9651, 2579, 2025, 2954, 2093, 57, 2998039),
	('New Hampshire', 1521, 368, 341, 347, 465, 176, 1292643),
	('New Jersey', 10880, 2204, 2132, 3634, 2910, 576, 9005644),
	('New Mexico', 10855, 2568, 1739, 2816, 3732, 115, 1858425),
	('New York', 43350, 4608, 10837, 13292, 14613, 525, 19173006),
	('North Carolina', 18990, 8676, 2822, 3984, 3508, 277, 7655991),
	('North Dakota', 1430, 46, 178, 414, 792, 106, 749938),
	('Ohio', 15191, 5991, 2856, 4263, 2081, 458, 9718364),
	('Oklahoma', 12443, 2786, 1991, 4156, 3510, 394, 3872459),
	('Oregon', 6627, 1033, 1184, 2169, 2241, 145, 3751984),
	('Pennsylvania', 23144, 4751, 3240, 5119, 10034, 1452, 12586674),
	('Rhode Island', 1521, 298, 417, 490, 316, 49, 1059639),
	('South Carolina', 15666, 6725, 2433, 3741, 2767, 350, 4075266),
	('South Dakota', 2697, 217, 451, 586, 1443, 76, 732566),
	('Tennessee', 32148, 12019, 5689, 11476, 2964, 458, 6609070),
	('Texas', 71942, 22234, 14195, 22760, 12753, 951, 26883394),
	('Utah', 3992, 760, 974, 1176, 1082, 122, 2956234),
	('Vermont', 701, 64, 132, 85, 420, 71, 597819),
	('Virginia', 9244, 2854, 1501, 2453, 2436, 394, 8118165),
	('Washington', 13254, 2871, 2073, 3842, 4468, 237, 7259162),
	('West Virginia', 4187, 1191, 485, 937, 1574, 183, 1321158),
	('Wisconsin', 11873, 3247, 1279, 2530, 4817, 430, 5739270),
	('Wyoming', 972, 115, 136, 195, 526, 55, 550712);


-- ------------------------------------------------


-- 
-- Create Table `2018___TABLE_20`
-- 
CREATE TABLE `2018___TABLE_20` (
	`ID` INTEGER NOT NULL PRIMARY KEY AUTO_INCREMENT,
	`STATE` VARCHAR(50) NOT NULL,
	`TOTAL_MURDERS` INTEGER,
	`TOTAL_FIREARMS` INTEGER,
	`HANDGUNS` INTEGER,
	`RIFLES` INTEGER,
	`SHOTGUNS` INTEGER,
	`FIREARMS_TYPE_UNKNOWN` INTEGER,
	`KNIVES_OR_CUTTING_INSTRUMENTS` INTEGER,
	`OTHER_WEAPONS` INTEGER,
	`HANDS_FISTS_FEET_ETC` INTEGER
);


-- 
-- Insert Values into `2018___TABLE_20`
-- 
INSERT INTO `2018___TABLE_20` (`STATE`, `TOTAL_MURDERS`, `TOTAL_FIREARMS`, `HANDGUNS`, `RIFLES`, `SHOTGUNS`, `FIREARMS_TYPE_UNKNOWN`, `KNIVES_OR_CUTTING_INSTRUMENTS`, `OTHER_WEAPONS`, `HANDS_FISTS_FEET_ETC`) VALUES
	('Alabama', 2, 2, 2, 0, 0, 0, 0, 0, 0),
	('Alaska', 47, 31, 7, 3, 0, 21, 8, 3, 5),
	('Arizona', 339, 203, 139, 12, 6, 46, 45, 87, 4),
	('Arkansas', 218, 156, 66, 6, 5, 79, 17, 38, 7),
	('California', 1739, 1177, 834, 24, 27, 292, 252, 223, 87),
	('Colorado', 207, 147, 99, 2, 8, 38, 27, 13, 20),
	('Connecticut', 83, 54, 10, 2, 0, 42, 18, 9, 2),
	('Delaware', 48, 40, 14, 1, 2, 23, 4, 3, 1),
	('District of Columbia', 151, 120, 120, 0, 0, 0, 20, 7, 4),
	('Georgia', 568, 460, 410, 11, 10, 29, 44, 62, 2),
	('Hawaii', 33, 11, 6, 1, 0, 4, 10, 6, 6),
	('Idaho', 32, 19, 14, 2, 2, 1, 4, 8, 1),
	('Illinois', 864, 708, 592, 14, 4, 98, 77, 53, 26),
	('Indiana', 371, 294, 136, 10, 7, 141, 33, 29, 15),
	('Iowa', 43, 20, 6, 2, 2, 10, 8, 9, 6),
	('Kansas', 110, 78, 47, 0, 2, 29, 7, 19, 6),
	('Kentucky', 237, 179, 112, 12, 6, 49, 17, 32, 9),
	('Louisiana', 521, 436, 233, 12, 5, 186, 30, 44, 11),
	('Maine', 23, 11, 6, 0, 1, 4, 2, 6, 4),
	('Maryland', 470, 388, 345, 1, 10, 32, 39, 30, 13),
	('Massachusetts', 136, 93, 37, 0, 1, 55, 25, 13, 5),
	('Michigan', 550, 394, 166, 17, 11, 200, 31, 99, 26),
	('Minnesota', 104, 49, 36, 4, 0, 9, 16, 28, 11),
	('Mississippi', 142, 118, 99, 3, 2, 14, 7, 15, 2),
	('Missouri', 555, 473, 235, 16, 9, 213, 40, 32, 10),
	('Montana', 34, 17, 9, 3, 0, 5, 2, 12, 3),
	('Nebraska', 43, 26, 22, 0, 1, 3, 5, 9, 3),
	('Nevada', 201, 134, 46, 1, 1, 86, 23, 24, 20),
	('New Hampshire', 21, 12, 6, 0, 0, 6, 3, 4, 2),
	('New Jersey', 286, 202, 152, 0, 2, 48, 37, 28, 19),
	('New Mexico', 137, 87, 39, 3, 0, 45, 23, 22, 5),
	('New York', 546, 313, 254, 6, 10, 43, 124, 63, 46),
	('North Carolina', 479, 346, 231, 15, 16, 84, 44, 52, 37),
	('North Dakota', 16, 9, 8, 0, 0, 1, 1, 1, 5),
	('Ohio', 546, 383, 184, 3, 7, 189, 49, 87, 27),
	('Oklahoma', 202, 134, 95, 7, 3, 29, 28, 29, 11),
	('Oregon', 81, 48, 30, 3, 1, 14, 12, 18, 3),
	('Pennsylvania', 787, 580, 464, 17, 7, 92, 83, 99, 25),
	('Rhode Island', 16, 12, 1, 1, 1, 9, 2, 1, 1),
	('South Carolina', 386, 296, 188, 8, 6, 94, 29, 42, 19),
	('South Dakota', 13, 8, 5, 0, 0, 3, 4, 1, 0),
	('Tennessee', 496, 397, 245, 26, 8, 118, 28, 49, 22),
	('Texas', 1301, 956, 522, 33, 37, 364, 128, 133, 84),
	('Utah', 59, 28, 17, 1, 0, 10, 12, 10, 9),
	('Vermont', 10, 3, 3, 0, 0, 0, 0, 5, 2),
	('Virginia', 391, 297, 141, 8, 5, 143, 30, 49, 15),
	('Washington', 232, 138, 76, 2, 5, 55, 45, 35, 14),
	('West Virginia', 57, 34, 21, 1, 1, 11, 5, 14, 4),
	('Wisconsin', 178, 136, 67, 4, 2, 63, 15, 16, 11),
	('Wyoming', 12, 8, 6, 0, 2, 0, 2, 0, 2);


-- ------------------------------------------------


-- 
-- Create Table `2018___TABLE_21`
-- 
CREATE TABLE `2018___TABLE_21` (
	`ID` INTEGER NOT NULL PRIMARY KEY AUTO_INCREMENT,
	`STATE` VARCHAR(50) NOT NULL,
	`TOTAL_ROBBERIES` INTEGER,
	`FIREARMS` INTEGER,
	`KNIVES_OR_CUTTING_INSTRUMENTS` INTEGER,
	`OTHER_WEAPONS` INTEGER,
	`STRONG_ARM` INTEGER,
	`AGENCY_COUNT` INTEGER,
	`POPULATION` INTEGER
);


-- 
-- Insert Values into `2018___TABLE_21`
-- 
INSERT INTO `2018___TABLE_21` (`STATE`, `TOTAL_ROBBERIES`, `FIREARMS`, `KNIVES_OR_CUTTING_INSTRUMENTS`, `OTHER_WEAPONS`, `STRONG_ARM`, `AGENCY_COUNT`, `POPULATION`) VALUES
	('Alabama', 3311, 2145, 111, 324, 731, 203, 3625366),
	('Alaska', 896, 242, 99, 127, 428, 32, 733747),
	('Arizona', 6331, 2530, 774, 734, 2293, 92, 6572138),
	('Arkansas', 1457, 724, 110, 144, 479, 237, 2593420),
	('California', 54311, 13503, 5031, 6535, 29242, 736, 39549496),
	('Colorado', 3483, 1530, 306, 432, 1215, 186, 5028003),
	('Connecticut', 2194, 651, 277, 230, 1036, 106, 3572665),
	('Delaware', 866, 349, 59, 73, 385, 52, 964106),
	('District of Columbia', 2415, 964, 217, 159, 1075, 3, 702455),
	('Florida', 16874, 6685, 1168, 1622, 7399, 671, 21279120),
	('Georgia', 6766, 3873, 251, 589, 2053, 447, 8454996),
	('Hawaii', 857, 115, 90, 158, 494, 2, 1148121),
	('Idaho', 186, 49, 21, 30, 86, 79, 1587760),
	('Illinois', 346, 167, 30, 31, 118, 1, 146198),
	('Indiana', 5192, 2562, 273, 457, 1900, 214, 4430415),
	('Iowa', null, null, null, null, null, null, null),
	('Kansas', 1181, 563, 91, 119, 408, 212, 2159192),
	('Kentucky', 1195, 459, 120, 150, 466, 331, 3382683),
	('Louisiana', 4462, 2311, 217, 355, 1579, 179, 4364269),
	('Maine', 228, 58, 30, 25, 115, 134, 1338404),
	('Maryland', 9716, 4572, 855, 836, 3453, 154, 6042718),
	('Massachusetts', 4011, 965, 697, 827, 1522, 338, 6667870),
	('Michigan', 5627, 2496, 321, 510, 2300, 611, 9865692),
	('Minnesota', 2940, 979, 219, 627, 1115, 378, 5570925),
	('Mississippi', 978, 635, 50, 62, 231, 51, 1086688),
	('Missouri', 5061, 2812, 260, 387, 1602, 498, 5720610),
	('Montana', 223, 52, 30, 36, 105, 99, 995183),
	('Nebraska', 732, 349, 59, 56, 268, 216, 1822672),
	('Nevada', 3832, 1616, 354, 429, 1433, 47, 3022875),
	('New Hampshire', 333, 47, 54, 43, 189, 184, 1317257),
	('New Jersey', 6364, 1955, 602, 413, 3394, 576, 8908520),
	('New Mexico', 2530, 1160, 309, 353, 708, 102, 1760050),
	('New York', 18020, 3293, 2182, 1743, 10802, 516, 18332434),
	('North Carolina', 5367, 2925, 402, 426, 1614, 211, 5943830),
	('North Dakota', 158, 40, 21, 20, 77, 103, 757131),
	('Ohio', 8386, 2662, 360, 667, 4697, 425, 9409029),
	('Oklahoma', 2790, 1298, 260, 227, 1005, 405, 3911076),
	('Oregon', 2405, 482, 300, 382, 1241, 196, 3792813),
	('Pennsylvania', 9742, 3816, 740, 604, 4582, 1442, 12629530),
	('Rhode Island', 454, 124, 79, 39, 212, 48, 1057315),
	('South Carolina', 3154, 1809, 183, 260, 902, 375, 4474961),
	('South Dakota', 207, 41, 29, 25, 112, 114, 816012),
	('Tennessee', 7151, 3992, 383, 1095, 1681, 448, 6548896),
	('Texas', 25841, 13690, 1842, 2294, 8015, 910, 26050117),
	('Utah', 1064, 289, 121, 122, 532, 114, 2705615),
	('Vermont', 69, 22, 13, 9, 25, 72, 615720),
	('Virginia', 3594, 1831, 287, 321, 1155, 394, 8434883),
	('Washington', 5356, 1314, 539, 727, 2776, 209, 6980830),
	('West Virginia', 164, 42, 24, 31, 67, 135, 1099657),
	('Wisconsin', 3474, 1689, 197, 387, 1201, 423, 5747929),
	('Wyoming', 44, 13, 2, 6, 23, 54, 507616);


-- ------------------------------------------------


-- 
-- Create Table `2018___TABLE_22`
-- 
CREATE TABLE `2018___TABLE_22` (
	`ID` INTEGER NOT NULL PRIMARY KEY AUTO_INCREMENT,
	`STATE` VARCHAR(50) NOT NULL,
	`TOTAL_AGGRAVATED_ASSAULTS` INTEGER,
	`FIREARMS` INTEGER,
	`KNIVES_OR_CUTTING_INSTRUMENTS` INTEGER,
	`OTHER_WEAPONS` INTEGER,
	`PERSONAL_WEAPONS` INTEGER,
	`AGENCY_COUNT` INTEGER,
	`POPULATION` INTEGER
);


-- 
-- Insert Values into `2018___TABLE_22`
-- 
INSERT INTO `2018___TABLE_22` (`STATE`, `TOTAL_AGGRAVATED_ASSAULTS`, `FIREARMS`, `KNIVES_OR_CUTTING_INSTRUMENTS`, `OTHER_WEAPONS`, `PERSONAL_WEAPONS`, `AGENCY_COUNT`, `POPULATION`) VALUES
	('Alabama', 14986, 3619, 1216, 9169, 982, 203, 3625366),
	('Alaska', 4377, 935, 763, 1411, 1268, 32, 733747),
	('Arizona', 20471, 5353, 2885, 4645, 7588, 92, 6572138),
	('Arkansas', 11150, 3817, 1414, 2316, 3603, 237, 2593420),
	('California', 105343, 17907, 16934, 36486, 34016, 736, 39549496),
	('Colorado', 13035, 3947, 2624, 3120, 3344, 186, 5028003),
	('Connecticut', 4294, 690, 1030, 1505, 1069, 106, 3572665),
	('Delaware', 2837, 856, 630, 1060, 291, 52, 964106),
	('District of Columbia', 3971, 936, 1109, 1490, 436, 3, 702455),
	('Florida', 55504, 16799, 10389, 19619, 8697, 671, 21279120),
	('Georgia', 17481, 6268, 2387, 4550, 4276, 447, 8454996),
	('Hawaii', 1545, 133, 397, 639, 376, 2, 1148121),
	('Idaho', 2681, 524, 484, 801, 872, 79, 1587760),
	('Illinois', 1525, 676, 155, 276, 418, 1, 146198),
	('Indiana', 13761, 3567, 1379, 3875, 4940, 214, 4430415),
	('Iowa', null, null, null, null, null, null, null),
	('Kansas', 7512, 2749, 1120, 1856, 1787, 212, 2159192),
	('Kentucky', 2039, 372, 382, 972, 313, 331, 3382683),
	('Louisiana', 16901, 5200, 2447, 5229, 4025, 179, 4364269),
	('Maine', 801, 72, 132, 250, 347, 134, 1338404),
	('Maryland', 16135, 2914, 3468, 6160, 3593, 154, 6042718),
	('Massachusetts', 16265, 1692, 3453, 7395, 3725, 338, 6667870),
	('Michigan', 30849, 9051, 5768, 9935, 6095, 611, 9865692),
	('Minnesota', 6762, 1635, 1281, 1795, 2051, 378, 5570925),
	('Mississippi', 2173, 969, 286, 453, 465, 51, 1086688),
	('Missouri', 20677, 8285, 2254, 5100, 5038, 498, 5720610),
	('Montana', 2613, 448, 309, 916, 940, 99, 995183),
	('Nebraska', 3368, 749, 662, 1167, 790, 216, 1822672),
	('Nevada', 9976, 2971, 1922, 2905, 2178, 47, 3022875),
	('New Hampshire', 1417, 296, 288, 362, 471, 184, 1317257),
	('New Jersey', 10463, 1729, 2064, 3349, 3321, 576, 8908520),
	('New Mexico', 11324, 2681, 1602, 2711, 4330, 102, 1760050),
	('New York', 42538, 4155, 11007, 13262, 14114, 516, 18332434),
	('North Carolina', 16339, 7813, 2285, 3270, 2971, 211, 5943830),
	('North Dakota', 1284, 44, 166, 494, 580, 103, 757131),
	('Ohio', 16456, 6328, 3208, 4668, 2252, 425, 9409029),
	('Oklahoma', 13054, 3175, 2068, 4164, 3647, 405, 3911076),
	('Oregon', 6814, 940, 1306, 2487, 2081, 196, 3792813),
	('Pennsylvania', 23576, 4664, 3300, 4849, 10763, 1442, 12629530),
	('Rhode Island', 1366, 257, 350, 457, 302, 48, 1057315),
	('South Carolina', 16129, 7091, 2525, 3862, 2651, 375, 4474961),
	('South Dakota', 1737, 206, 390, 443, 698, 114, 816012),
	('Tennessee', 31086, 11102, 5317, 12444, 2223, 448, 6548896),
	('Texas', 66682, 21746, 13769, 20373, 10794, 910, 26050117),
	('Utah', 3810, 655, 835, 1154, 1166, 114, 2705615),
	('Vermont', 703, 77, 103, 96, 427, 72, 615720),
	('Virginia', 10040, 3105, 1653, 2659, 2623, 394, 8434883),
	('Washington', 13394, 2687, 2206, 4482, 4019, 209, 6980830),
	('West Virginia', 2493, 607, 309, 608, 969, 135, 1099657),
	('Wisconsin', 11185, 2858, 1099, 2558, 4670, 423, 5747929),
	('Wyoming', 773, 87, 123, 150, 413, 54, 507616);


-- ------------------------------------------------


-- 
-- Create Table `2019___TABLE_1`
-- 
CREATE TABLE `2019___TABLE_1` (
	`ID` INTEGER NOT NULL PRIMARY KEY AUTO_INCREMENT,
	`YEAR` VARCHAR(50) NOT NULL,
	`POPULATION` INTEGER,
	`VIOLENT_CRIME` INTEGER,
	`VIOLENT_CRIME_RATE` DOUBLE,
	`MURDER_AND_NONNEGLIGENT_MANSLAUGHTER` INTEGER,
	`MURDER_AND_NONNEGLIGENT_MANSLAUGHTER_RATE` DOUBLE,
	`RAPE_REVISED_DEFINITION` INTEGER,
	`RAPE_REVISED_DEFINITION_RATE` DOUBLE,
	`RAPE_LEGACY_DEFINITION` INTEGER,
	`RAPE_LEGACY_DEFINITION_RATE` DOUBLE,
	`ROBBERY` INTEGER,
	`ROBBERY_RATE` DOUBLE,
	`AGGRAVATED_ASSAULT` INTEGER,
	`AGGRAVATED_ASSAULT_RATE` DOUBLE,
	`PROPERTY_CRIME` INTEGER,
	`PROPERTY_CRIME_RATE` DOUBLE,
	`BURGLARY` INTEGER,
	`BURGLARY_RATE` DOUBLE,
	`LARCENY_THEFT` INTEGER,
	`LARCENY_THEFT_RATE` DOUBLE,
	`MOTOR_VEHICLE_THEFT` INTEGER,
	`MOTOR_VEHICLE_THEFT_RATE` DOUBLE
);


-- 
-- Insert Values into `2019___TABLE_1`
-- 
INSERT INTO `2019___TABLE_1` (`YEAR`, `POPULATION`, `VIOLENT_CRIME`, `VIOLENT_CRIME_RATE`, `MURDER_AND_NONNEGLIGENT_MANSLAUGHTER`, `MURDER_AND_NONNEGLIGENT_MANSLAUGHTER_RATE`, `RAPE_REVISED_DEFINITION`, `RAPE_REVISED_DEFINITION_RATE`, `RAPE_LEGACY_DEFINITION`, `RAPE_LEGACY_DEFINITION_RATE`, `ROBBERY`, `ROBBERY_RATE`, `AGGRAVATED_ASSAULT`, `AGGRAVATED_ASSAULT_RATE`, `PROPERTY_CRIME`, `PROPERTY_CRIME_RATE`, `BURGLARY`, `BURGLARY_RATE`, `LARCENY_THEFT`, `LARCENY_THEFT_RATE`, `MOTOR_VEHICLE_THEFT`, `MOTOR_VEHICLE_THEFT_RATE`) VALUES
	('2000', 281421906, 1425486, 506.5, 15586, 5.5, null, null, 90178, 32, 408016, 145, 911706, 324, 10182584, 3618.30, 2050992, 728.8, 6971590, 2477.30, 1160002, 412.2),
	('2001', 285317559, 1439480, 504.5, 16037, 5.6, null, null, 90863, 31.8, 423557, 148.5, 909023, 318.6, 10437189, 3658.10, 2116531, 741.8, 7092267, 2485.70, 1228391, 430.5),
	('2002', 287973924, 1423677, 494.4, 16229, 5.6, null, null, 95235, 33.1, 420806, 146.1, 891407, 309.5, 10455277, 3630.60, 2151252, 747, 7057379, 2450.70, 1246646, 432.9),
	('2003', 290788976, 1383676, 475.8, 16528, 5.7, null, null, 93883, 32.3, 414235, 142.5, 859030, 295.4, 10442862, 3591.20, 2154834, 741, 7026802, 2416.50, 1261226, 433.7),
	('2004', 293656842, 1360088, 463.2, 16148, 5.5, null, null, 95089, 32.4, 401470, 136.7, 847381, 288.6, 10319386, 3514.10, 2144446, 730.3, 6937089, 2362.30, 1237851, 421.5),
	('2005', 296507061, 1390745, 469, 16740, 5.6, null, null, 94347, 31.8, 417438, 140.8, 862220, 290.8, 10174754, 3431.50, 2155448, 726.9, 6783447, 2287.80, 1235859, 416.8),
	('2006', 299398484, 1435123, 479.3, 17309, 5.8, null, null, 94472, 31.6, 449246, 150, 874096, 292, 10019601, 3346.60, 2194993, 733.1, 6626363, 2213.20, 1198245, 400.2),
	('2007', 301621157, 1422970, 471.8, 17128, 5.7, null, null, 92160, 30.6, 447324, 148.3, 866358, 287.2, 9882212, 3276.40, 2190198, 726.1, 6591542, 2185.40, 1100472, 364.9),
	('2008', 304059724, 1394461, 458.6, 16465, 5.4, null, null, 90750, 29.8, 443563, 145.9, 843683, 277.5, 9774152, 3214.60, 2228887, 733, 6586206, 2166.10, 959059, 315.4),
	('2009', 307006550, 1325896, 431.9, 15399, 5, null, null, 89241, 29.1, 408742, 133.1, 812514, 264.7, 9337060, 3041.30, 2203313, 717.7, 6338095, 2064.50, 795652, 259.2),
	('2010', 309330219, 1251248, 404.5, 14722, 4.8, null, null, 85593, 27.7, 369089, 119.3, 781844, 252.8, 9112625, 2945.90, 2168459, 701, 6204601, 2005.80, 739565, 239.1),
	('2011', 311587816, 1206005, 387.1, 14661, 4.7, null, null, 84175, 27, 354746, 113.9, 752423, 241.5, 9052743, 2905.40, 2185140, 701.3, 6151095, 1974.10, 716508, 230),
	('2012', 313873685, 1217057, 387.8, 14856, 4.7, null, null, 85141, 27.1, 355051, 113.1, 762009, 242.8, 9001992, 2868.00, 2109932, 672.2, 6168874, 1965.40, 723186, 230.4),
	('2013', 316497531, 1168298, 369.1, 14319, 4.5, 113695, 35.9, 82109, 25.9, 345093, 109, 726777, 229.6, 8651892, 2733.60, 1932139, 610.5, 6019465, 1901.90, 700288, 221.3),
	('2014', 318907401, 1153022, 361.6, 14164, 4.4, 118027, 37, 84864, 26.6, 322905, 101.3, 731089, 229.2, 8209010, 2574.10, 1713153, 537.2, 5809054, 1821.50, 686803, 215.4),
	('2015', 320896618, 1199310, 373.7, 15883, 4.9, 126134, 39.3, 91261, 28.4, 328109, 102.2, 764057, 238.1, 8024115, 2500.50, 1587564, 494.7, 5723488, 1783.60, 713063, 222.2),
	('2016', 323405935, 1250162, 386.6, 17413, 5.4, 132414, 40.9, 96970, 30, 332797, 102.9, 802982, 248.3, 7928530, 2451.60, 1516405, 468.9, 5644835, 1745.40, 767290, 237.3),
	('2017', 325147121, 1247917, 383.8, 17294, 5.3, 135666, 41.7, 99708, 30.7, 320596, 98.6, 810319, 249.2, 7682988, 2362.90, 1397045, 429.7, 5513000, 1695.50, 772943, 237.7),
	('2018', 326687501, 1209997, 370.4, 16374, 5, 143765, 44, 101363, 31, 281278, 86.1, 810982, 248.2, 7219084, 2209.80, 1235013, 378, 5232167, 1601.60, 751904, 230.2),
	('2019', 328239523, 1203808, 366.7, 16425, 5, 139815, 42.6, 98213, 29.9, 267988, 81.6, 821182, 250.2, 6925677, 2109.90, 1117696, 340.5, 5086096, 1549.50, 721885, 219.9);


-- ------------------------------------------------


-- 
-- Create Table `2019___TABLE_20`
-- 
CREATE TABLE `2019___TABLE_20` (
	`ID` INTEGER NOT NULL PRIMARY KEY AUTO_INCREMENT,
	`STATE` VARCHAR(50) NOT NULL,
	`TOTAL_MURDERS` INTEGER,
	`TOTAL_FIREARMS` INTEGER,
	`HANDGUNS` INTEGER,
	`RIFLES` INTEGER,
	`SHOTGUNS` INTEGER,
	`FIREARMS_TYPE_UNKNOWN` INTEGER,
	`KNIVES_OR_CUTTING_INSTRUMENTS` INTEGER,
	`OTHER_WEAPONS` INTEGER,
	`HANDS_FISTS_FEET_ETC` INTEGER
);


-- 
-- Insert Values into `2019___TABLE_20`
-- 
INSERT INTO `2019___TABLE_20` (`STATE`, `TOTAL_MURDERS`, `TOTAL_FIREARMS`, `HANDGUNS`, `RIFLES`, `SHOTGUNS`, `FIREARMS_TYPE_UNKNOWN`, `KNIVES_OR_CUTTING_INSTRUMENTS`, `OTHER_WEAPONS`, `HANDS_FISTS_FEET_ETC`) VALUES
	('Alabama', 4, 3, 3, 0, 0, 0, 0, 1, 0),
	('Alaska', 69, 44, 17, 1, 6, 20, 8, 5, 12),
	('Arizona', 337, 213, 170, 6, 6, 31, 47, 67, 10),
	('Arkansas', 231, 177, 87, 10, 5, 75, 21, 29, 4),
	('California', 1679, 1142, 762, 34, 26, 320, 252, 183, 102),
	('Colorado', 209, 135, 83, 5, 3, 44, 32, 30, 12),
	('Connecticut', 104, 65, 11, 1, 0, 53, 15, 17, 7),
	('Delaware', 48, 40, 13, 0, 0, 27, 2, 3, 3),
	('District of Columbia', 166, 136, 52, 0, 0, 84, 18, 2, 10),
	('Florida', 1, 0, 0, 0, 0, 0, 0, 1, 0),
	('Georgia', 445, 367, 305, 14, 3, 45, 34, 35, 9),
	('Hawaii', 32, 9, 5, 0, 0, 4, 7, 11, 5),
	('Idaho', 35, 16, 9, 0, 0, 7, 3, 13, 3),
	('Illinois', 771, 647, 564, 7, 4, 72, 70, 44, 10),
	('Indiana', 247, 185, 118, 3, 1, 63, 25, 29, 8),
	('Iowa', 58, 36, 21, 0, 0, 15, 8, 8, 6),
	('Kansas', 93, 56, 37, 1, 0, 18, 12, 13, 12),
	('Kentucky', 221, 174, 101, 9, 5, 59, 23, 20, 4),
	('Louisiana', 522, 433, 200, 21, 3, 209, 24, 54, 11),
	('Maine', 20, 13, 6, 0, 3, 4, 2, 4, 1),
	('Maryland', 551, 460, 414, 3, 4, 39, 43, 34, 14),
	('Massachusetts', 146, 86, 33, 0, 0, 53, 38, 14, 8),
	('Michigan', 551, 379, 172, 13, 5, 189, 44, 104, 24),
	('Minnesota', 114, 79, 61, 0, 0, 18, 10, 15, 10),
	('Mississippi', 189, 153, 117, 4, 3, 29, 11, 23, 2),
	('Missouri', 566, 486, 255, 26, 10, 195, 31, 37, 12),
	('Montana', 27, 16, 11, 1, 1, 3, 4, 4, 3),
	('Nebraska', 45, 35, 26, 2, 2, 5, 2, 4, 4),
	('Nevada', 147, 94, 49, 5, 3, 37, 20, 23, 10),
	('New Hampshire', 33, 16, 12, 0, 0, 4, 5, 7, 5),
	('New Jersey', 262, 176, 118, 2, 1, 55, 45, 25, 16),
	('New Mexico', 146, 96, 51, 1, 3, 41, 21, 24, 5),
	('New York', 550, 298, 255, 3, 5, 35, 119, 89, 44),
	('North Carolina', 516, 383, 224, 26, 8, 125, 52, 68, 13),
	('North Dakota', 26, 13, 5, 2, 1, 5, 5, 4, 4),
	('Ohio', 521, 382, 178, 13, 3, 188, 26, 88, 25),
	('Oklahoma', 264, 189, 129, 11, 12, 37, 27, 37, 11),
	('Oregon', 98, 61, 31, 1, 4, 25, 19, 14, 4),
	('Pennsylvania', 556, 429, 350, 11, 11, 57, 46, 66, 15),
	('Rhode Island', 25, 10, 1, 0, 0, 9, 7, 6, 2),
	('South Carolina', 445, 381, 224, 9, 8, 140, 22, 27, 15),
	('South Dakota', 19, 7, 4, 1, 0, 2, 3, 6, 3),
	('Tennessee', 498, 391, 173, 13, 7, 198, 41, 46, 20),
	('Texas', 1379, 1064, 568, 72, 21, 403, 127, 130, 58),
	('Utah', 66, 41, 18, 1, 6, 16, 8, 13, 4),
	('Vermont', 11, 8, 3, 2, 0, 3, 0, 1, 2),
	('Virginia', 427, 323, 150, 15, 9, 149, 40, 49, 15),
	('Washington', 194, 135, 89, 5, 3, 38, 23, 24, 12),
	('West Virginia', 72, 48, 23, 7, 2, 16, 6, 15, 3),
	('Wisconsin', 178, 119, 53, 3, 3, 60, 25, 27, 7),
	('Wyoming', 13, 9, 7, 0, 0, 2, 3, 0, 1);


-- ------------------------------------------------


-- 
-- Create Table `2019___TABLE_21`
-- 
CREATE TABLE `2019___TABLE_21` (
	`ID` INTEGER NOT NULL PRIMARY KEY AUTO_INCREMENT,
	`STATE` VARCHAR(50) NOT NULL,
	`TOTAL_ROBBERIES` INTEGER,
	`FIREARMS` INTEGER,
	`KNIVES_OR_CUTTING_INSTRUMENTS` INTEGER,
	`OTHER_WEAPONS` INTEGER,
	`STRONG_ARM` INTEGER,
	`AGENCY_COUNT` INTEGER,
	`POPULATION` INTEGER
);


-- 
-- Insert Values into `2019___TABLE_21`
-- 
INSERT INTO `2019___TABLE_21` (`STATE`, `TOTAL_ROBBERIES`, `FIREARMS`, `KNIVES_OR_CUTTING_INSTRUMENTS`, `OTHER_WEAPONS`, `STRONG_ARM`, `AGENCY_COUNT`, `POPULATION`) VALUES
	('Alabama', 32, 15, 2, 2, 13, 2, 85670),
	('Alaska', 826, 167, 89, 119, 451, 33, 727792),
	('Arizona', 6042, 2207, 759, 688, 2388, 96, 6308226),
	('Arkansas', 1351, 651, 83, 122, 495, 243, 2501782),
	('California', 51196, 12181, 4635, 5964, 28416, 731, 38767853),
	('Colorado', 3227, 1242, 290, 422, 1273, 183, 4798277),
	('Connecticut', 1863, 575, 193, 206, 889, 106, 3492933),
	('Delaware', 789, 288, 88, 78, 335, 52, 970535),
	('District of Columbia', 2713, 897, 258, 158, 1400, 3, 705749),
	('Florida', 16199, 6194, 1097, 1574, 7334, 678, 21424937),
	('Georgia', 1626, 912, 64, 104, 546, 168, 3026506),
	('Hawaii', 1021, 160, 92, 162, 607, 2, 1142377),
	('Idaho', 155, 35, 20, 18, 82, 101, 1751712),
	('Illinois', 282, 127, 23, 22, 110, 1, 145719),
	('Indiana', 1840, 809, 93, 312, 626, 169, 3004084),
	('Iowa', 808, 336, 62, 95, 315, 183, 2584085),
	('Kansas', 924, 430, 69, 79, 346, 219, 1821596),
	('Kentucky', 2158, 1007, 154, 207, 790, 398, 4456082),
	('Louisiana', 3760, 1841, 183, 304, 1432, 150, 3988385),
	('Maine', 188, 40, 21, 26, 101, 135, 1344212),
	('Maryland', 9195, 4018, 895, 727, 3555, 151, 6043312),
	('Massachusetts', 3590, 790, 594, 669, 1537, 346, 6726719),
	('Michigan', 5239, 2275, 265, 468, 2231, 612, 9492862),
	('Minnesota', 3097, 908, 206, 612, 1371, 368, 5433467),
	('Mississippi', 1003, 611, 44, 108, 240, 55, 1273580),
	('Missouri', 4547, 2617, 228, 353, 1349, 327, 4271657),
	('Montana', 191, 46, 17, 45, 83, 78, 855718),
	('Nebraska', 781, 353, 61, 52, 315, 198, 1767262),
	('Nevada', 3259, 1307, 289, 365, 1298, 42, 2948674),
	('New Hampshire', 297, 74, 42, 42, 139, 182, 1281465),
	('New Jersey', 5730, 1653, 526, 399, 3152, 577, 8882190),
	('New Mexico', 2063, 909, 282, 246, 626, 99, 1480451),
	('New York', 17917, 2950, 2332, 1752, 10883, 497, 18382202),
	('North Carolina', 6374, 3611, 480, 478, 1805, 253, 7678759),
	('North Dakota', 176, 46, 31, 24, 75, 103, 759718),
	('Ohio', 8211, 2504, 347, 598, 4762, 414, 9215222),
	('Oklahoma', 2364, 1101, 194, 197, 872, 406, 3909106),
	('Oregon', 2136, 452, 220, 319, 1145, 151, 3680010),
	('Pennsylvania', 1476, 589, 145, 94, 648, 438, 3297344),
	('Rhode Island', 418, 114, 94, 33, 177, 48, 1059361),
	('South Carolina', 3044, 1749, 201, 233, 861, 260, 4660637),
	('South Dakota', 159, 45, 25, 21, 68, 107, 816216),
	('Tennessee', 6133, 3794, 284, 460, 1595, 456, 6643476),
	('Texas', 28432, 14877, 1949, 2790, 8816, 823, 27151685),
	('Utah', 1098, 302, 136, 143, 517, 109, 2883845),
	('Vermont', 69, 20, 10, 4, 35, 79, 599538),
	('Virginia', 3487, 1754, 320, 279, 1134, 400, 8403438),
	('Washington', 4914, 1091, 455, 639, 2729, 219, 7114406),
	('West Virginia', 134, 59, 18, 17, 40, 103, 953873),
	('Wisconsin', 2905, 1349, 160, 312, 1084, 409, 5649131),
	('Wyoming', 62, 20, 4, 9, 29, 55, 512713);


-- ------------------------------------------------


-- 
-- Create Table `2019___TABLE_22`
-- 
CREATE TABLE `2019___TABLE_22` (
	`ID` INTEGER NOT NULL PRIMARY KEY AUTO_INCREMENT,
	`STATE` VARCHAR(50) NOT NULL,
	`TOTAL_AGGRAVATED_ASSAULTS` INTEGER,
	`FIREARMS` INTEGER,
	`KNIVES_OR_CUTTING_INSTRUMENTS` INTEGER,
	`OTHER_WEAPONS` INTEGER,
	`PERSONAL_WEAPONS` INTEGER,
	`AGENCY_COUNT` INTEGER,
	`POPULATION` INTEGER
);


-- 
-- Insert Values into `2019___TABLE_22`
-- 
INSERT INTO `2019___TABLE_22` (`STATE`, `TOTAL_AGGRAVATED_ASSAULTS`, `FIREARMS`, `KNIVES_OR_CUTTING_INSTRUMENTS`, `OTHER_WEAPONS`, `PERSONAL_WEAPONS`, `AGENCY_COUNT`, `POPULATION`) VALUES
	('Alabama', 73, 17, 6, 17, 33, 2, 85670),
	('Alaska', 4342, 834, 801, 1484, 1223, 33, 727792),
	('Arizona', 20173, 5206, 3033, 4327, 7607, 96, 6308226),
	('Arkansas', 11551, 3657, 1456, 2546, 3892, 243, 2501782),
	('California', 102822, 17341, 16098, 34424, 34959, 731, 38767853),
	('Colorado', 12619, 4066, 2608, 3122, 2823, 184, 4910658),
	('Connecticut', 3549, 692, 810, 1268, 779, 106, 3492933),
	('Delaware', 2962, 1102, 552, 1029, 279, 52, 970535),
	('District of Columbia', 4179, 1089, 1175, 1520, 395, 3, 705749),
	('Florida', 55333, 17196, 10213, 18648, 9276, 678, 21424937),
	('Georgia', 6171, 2122, 794, 1359, 1896, 168, 3026506),
	('Hawaii', 1588, 219, 385, 595, 389, 2, 1142377),
	('Idaho', 2978, 524, 489, 928, 1037, 101, 1751712),
	('Illinois', 1290, 553, 173, 206, 358, 1, 145719),
	('Indiana', 5488, 1142, 510, 1252, 2584, 169, 3004084),
	('Iowa', 5584, 803, 846, 1281, 2654, 183, 2584085),
	('Kansas', 6893, 2308, 1074, 1752, 1759, 219, 1821596),
	('Kentucky', 5722, 2160, 660, 2323, 579, 398, 4456082),
	('Louisiana', 16346, 5699, 2461, 4564, 3622, 150, 3988385),
	('Maine', 824, 72, 147, 253, 352, 135, 1344212),
	('Maryland', 15727, 2840, 3490, 5898, 3499, 151, 6043312),
	('Massachusetts', 16375, 1666, 3562, 7502, 3645, 346, 6726719),
	('Michigan', 29325, 8993, 5580, 8934, 5818, 612, 9492862),
	('Minnesota', 7338, 1820, 1516, 1954, 2048, 368, 5433467),
	('Mississippi', 2424, 1163, 308, 553, 400, 55, 1273580),
	('Missouri', 18379, 7896, 1898, 5217, 3368, 327, 4271657),
	('Montana', 3043, 387, 278, 929, 1449, 78, 855718),
	('Nebraska', 3531, 867, 697, 1173, 794, 198, 1767262),
	('Nevada', 9246, 2594, 1922, 2576, 2154, 42, 2948674),
	('New Hampshire', 1091, 204, 217, 285, 385, 182, 1281465),
	('New Jersey', 10852, 1729, 2038, 3352, 3733, 577, 8882190),
	('New Mexico', 9356, 2475, 1390, 2483, 3008, 99, 1480451),
	('New York', 43967, 4535, 11626, 12825, 14981, 497, 18382202),
	('North Carolina', 21191, 10813, 2892, 3915, 3571, 253, 7678759),
	('North Dakota', 1243, 28, 141, 517, 557, 103, 759718),
	('Ohio', 16947, 6636, 3247, 4931, 2133, 414, 9215222),
	('Oklahoma', 12122, 3342, 1956, 3627, 3197, 406, 3909106),
	('Oregon', 6933, 1031, 1244, 2382, 2276, 151, 3680010),
	('Pennsylvania', 5959, 962, 599, 812, 3586, 438, 3297344),
	('Rhode Island', 1408, 228, 403, 444, 333, 48, 1059361),
	('South Carolina', 18207, 8598, 2675, 4145, 2789, 260, 4660637),
	('South Dakota', 2005, 277, 463, 471, 794, 107, 816216),
	('Tennessee', 30687, 13807, 5270, 9587, 2023, 456, 6643476),
	('Texas', 73258, 25970, 14156, 20714, 12418, 823, 27151685),
	('Utah', 4281, 692, 812, 1321, 1456, 109, 2883845),
	('Vermont', 861, 131, 137, 148, 445, 79, 599538),
	('Virginia', 10823, 3535, 1601, 3132, 2555, 400, 8403438),
	('Washington', 12990, 2667, 2047, 4311, 3965, 219, 7114406),
	('West Virginia', 1996, 474, 239, 453, 830, 103, 953873),
	('Wisconsin', 11351, 2814, 1058, 3090, 4389, 409, 5649131),
	('Wyoming', 739, 102, 101, 247, 289, 55, 512713);


-- ------------------------------------------------




-- ------------------------------------------------


COMMIT;


